ID,Sentimento,Emozione
0,POSITIVE,fear
1,NEGATIVE,fear
2,NEGATIVE,anger
3,NEGATIVE,sadness
4,NEGATIVE,anger
5,NEGATIVE,anger
7,NEGATIVE,anger
9,POSITIVE,joy
10,NEGATIVE,sadness
11,NEGATIVE,anger
12,NEGATIVE,anger
14,NEGATIVE,sadness
15,NEGATIVE,sadness
16,NEGATIVE,anger
18,NEGATIVE,sadness
19,POSITIVE,sadness
20,POSITIVE,joy
21,POSITIVE,sadness
22,NEGATIVE,sadness
23,POSITIVE,sadness
25,NEGATIVE,anger
26,NEGATIVE,joy
27,POSITIVE,joy
28,NEGATIVE,anger
29,POSITIVE,joy
30,POSITIVE,joy
31,NEGATIVE,joy
33,POSITIVE,joy
34,NEGATIVE,sadness
35,NEGATIVE,anger
36,NEGATIVE,anger
38,POSITIVE,sadness
39,POSITIVE,sadness
40,NEGATIVE,sadness
42,NEGATIVE,sadness
43,POSITIVE,joy
45,NEGATIVE,sadness
47,NEGATIVE,anger
48,NEGATIVE,joy
49,NEGATIVE,anger
50,NEGATIVE,sadness
52,NEGATIVE,anger
53,NEGATIVE,sadness
54,POSITIVE,sadness
56,POSITIVE,joy
57,NEGATIVE,sadness
58,NEGATIVE,sadness
59,NEGATIVE,joy
60,NEGATIVE,sadness
61,POSITIVE,sadness
62,NEGATIVE,fear
63,NEGATIVE,sadness
64,POSITIVE,joy
65,NEGATIVE,anger
66,NEGATIVE,anger
67,NEGATIVE,sadness
68,NEGATIVE,joy
69,NEGATIVE,anger
70,POSITIVE,anger
72,NEGATIVE,sadness
73,NEGATIVE,sadness
74,NEGATIVE,anger
75,NEGATIVE,anger
76,NEGATIVE,sadness
77,NEGATIVE,sadness
78,POSITIVE,joy
80,NEGATIVE,joy
81,POSITIVE,joy
82,NEGATIVE,anger
83,NEGATIVE,anger
84,POSITIVE,fear
85,NEGATIVE,anger
86,NEGATIVE,anger
87,NEGATIVE,sadness
88,POSITIVE,fear
89,POSITIVE,anger
90,NEGATIVE,anger
91,POSITIVE,joy
92,NEGATIVE,anger
93,POSITIVE,sadness
94,POSITIVE,joy
95,NEGATIVE,anger
96,POSITIVE,joy
97,POSITIVE,sadness
98,POSITIVE,joy
101,NEGATIVE,anger
102,NEGATIVE,sadness
103,POSITIVE,sadness
104,NEGATIVE,anger
105,POSITIVE,sadness
106,POSITIVE,sadness
107,POSITIVE,sadness
108,POSITIVE,sadness
109,POSITIVE,joy
110,POSITIVE,joy
111,NEGATIVE,sadness
112,POSITIVE,fear
113,POSITIVE,fear
114,POSITIVE,fear
115,NEGATIVE,sadness
116,POSITIVE,joy
117,NEGATIVE,joy
118,POSITIVE,joy
119,NEGATIVE,anger
120,NEGATIVE,sadness
121,NEGATIVE,anger
122,NEGATIVE,sadness
123,POSITIVE,sadness
124,NEGATIVE,sadness
125,POSITIVE,anger
127,POSITIVE,joy
128,POSITIVE,joy
129,POSITIVE,sadness
130,POSITIVE,sadness
131,POSITIVE,fear
132,NEGATIVE,joy
133,POSITIVE,fear
134,POSITIVE,sadness
135,NEGATIVE,sadness
136,POSITIVE,joy
137,NEGATIVE,anger
138,NEGATIVE,anger
140,NEGATIVE,anger
141,POSITIVE,sadness
142,NEGATIVE,anger
143,POSITIVE,joy
144,NEGATIVE,sadness
145,POSITIVE,fear
146,NEGATIVE,sadness
147,POSITIVE,fear
148,NEGATIVE,anger
149,POSITIVE,joy
150,POSITIVE,joy
151,NEGATIVE,anger
152,POSITIVE,sadness
153,POSITIVE,anger
154,POSITIVE,sadness
156,NEGATIVE,sadness
157,NEGATIVE,anger
159,NEGATIVE,anger
160,POSITIVE,sadness
161,POSITIVE,anger
163,NEGATIVE,anger
164,NEGATIVE,anger
165,POSITIVE,sadness
166,POSITIVE,joy
167,NEGATIVE,sadness
168,NEGATIVE,joy
169,NEGATIVE,joy
170,POSITIVE,joy
171,POSITIVE,sadness
172,POSITIVE,sadness
173,POSITIVE,joy
174,POSITIVE,sadness
175,NEGATIVE,sadness
176,POSITIVE,sadness
177,POSITIVE,sadness
178,NEGATIVE,anger
179,POSITIVE,joy
180,POSITIVE,joy
181,NEGATIVE,sadness
182,NEGATIVE,sadness
183,NEGATIVE,anger
185,POSITIVE,sadness
186,POSITIVE,sadness
187,POSITIVE,joy
188,POSITIVE,joy
189,POSITIVE,sadness
190,POSITIVE,joy
191,POSITIVE,sadness
192,POSITIVE,joy
193,NEGATIVE,sadness
195,POSITIVE,joy
196,NEGATIVE,sadness
197,NEGATIVE,sadness
198,POSITIVE,joy
199,POSITIVE,joy
200,POSITIVE,joy
201,POSITIVE,joy
203,POSITIVE,sadness
204,POSITIVE,joy
205,POSITIVE,sadness
208,POSITIVE,joy
209,POSITIVE,sadness
210,NEGATIVE,anger
212,NEGATIVE,sadness
214,POSITIVE,joy
215,NEGATIVE,anger
216,NEGATIVE,anger
217,NEGATIVE,anger
220,POSITIVE,joy
221,NEGATIVE,anger
222,POSITIVE,joy
223,POSITIVE,joy
224,NEGATIVE,anger
225,POSITIVE,joy
226,NEGATIVE,sadness
227,POSITIVE,fear
229,POSITIVE,joy
230,POSITIVE,joy
231,POSITIVE,joy
232,POSITIVE,joy
233,POSITIVE,joy
234,POSITIVE,joy
235,NEGATIVE,sadness
236,NEGATIVE,sadness
237,NEGATIVE,sadness
238,POSITIVE,joy
239,NEGATIVE,anger
240,NEGATIVE,sadness
241,POSITIVE,joy
242,NEGATIVE,sadness
244,POSITIVE,joy
245,NEGATIVE,anger
246,POSITIVE,joy
248,POSITIVE,sadness
249,POSITIVE,joy
250,POSITIVE,joy
251,NEGATIVE,sadness
252,POSITIVE,joy
253,POSITIVE,sadness
254,POSITIVE,anger
255,POSITIVE,joy
256,POSITIVE,sadness
259,POSITIVE,joy
261,POSITIVE,joy
262,POSITIVE,sadness
263,NEGATIVE,anger
264,POSITIVE,sadness
268,NEGATIVE,anger
269,POSITIVE,joy
270,NEGATIVE,anger
271,POSITIVE,fear
272,NEGATIVE,sadness
273,POSITIVE,joy
274,NEGATIVE,anger
275,POSITIVE,anger
276,POSITIVE,joy
277,POSITIVE,joy
278,POSITIVE,joy
280,POSITIVE,sadness
281,NEGATIVE,sadness
282,NEGATIVE,sadness
283,POSITIVE,joy
284,POSITIVE,sadness
285,POSITIVE,joy
287,NEGATIVE,sadness
289,NEGATIVE,sadness
290,NEGATIVE,anger
291,NEGATIVE,anger
292,NEGATIVE,anger
293,POSITIVE,joy
295,NEGATIVE,joy
296,POSITIVE,anger
297,NEGATIVE,anger
298,POSITIVE,anger
300,POSITIVE,joy
301,POSITIVE,joy
302,POSITIVE,joy
303,POSITIVE,joy
304,POSITIVE,joy
305,POSITIVE,joy
307,POSITIVE,joy
308,POSITIVE,joy
311,POSITIVE,joy
312,POSITIVE,joy
313,POSITIVE,anger
314,POSITIVE,joy
315,NEGATIVE,sadness
316,POSITIVE,sadness
317,NEGATIVE,joy
319,NEGATIVE,anger
320,NEGATIVE,sadness
321,NEGATIVE,sadness
322,POSITIVE,sadness
323,NEGATIVE,sadness
324,NEGATIVE,anger
325,POSITIVE,anger
328,POSITIVE,anger
329,POSITIVE,anger
331,POSITIVE,joy
332,POSITIVE,joy
333,NEGATIVE,sadness
335,POSITIVE,sadness
336,NEGATIVE,joy
337,POSITIVE,joy
338,POSITIVE,sadness
339,POSITIVE,joy
340,POSITIVE,sadness
341,POSITIVE,sadness
342,NEGATIVE,sadness
343,POSITIVE,joy
344,POSITIVE,anger
345,NEGATIVE,sadness
346,POSITIVE,joy
347,POSITIVE,sadness
348,POSITIVE,joy
349,POSITIVE,joy
350,NEGATIVE,sadness
351,POSITIVE,joy
352,POSITIVE,joy
353,NEGATIVE,anger
354,POSITIVE,sadness
356,POSITIVE,joy
357,POSITIVE,joy
358,NEGATIVE,anger
359,POSITIVE,joy
364,POSITIVE,joy
365,POSITIVE,sadness
366,NEGATIVE,anger
367,NEGATIVE,sadness
368,POSITIVE,joy
369,POSITIVE,sadness
370,POSITIVE,sadness
371,POSITIVE,sadness
372,POSITIVE,joy
373,POSITIVE,sadness
374,POSITIVE,sadness
375,NEGATIVE,sadness
376,POSITIVE,joy
377,POSITIVE,joy
378,NEGATIVE,sadness
379,POSITIVE,fear
380,POSITIVE,fear
381,POSITIVE,joy
382,POSITIVE,joy
383,POSITIVE,joy
384,NEGATIVE,anger
385,POSITIVE,joy
386,POSITIVE,fear
387,POSITIVE,joy
388,POSITIVE,joy
389,POSITIVE,anger
390,POSITIVE,joy
391,NEGATIVE,joy
392,NEGATIVE,sadness
393,POSITIVE,joy
394,NEGATIVE,sadness
395,POSITIVE,joy
397,POSITIVE,sadness
398,POSITIVE,sadness
402,NEGATIVE,sadness
404,POSITIVE,joy
406,POSITIVE,joy
407,POSITIVE,joy
408,POSITIVE,sadness
409,POSITIVE,joy
410,POSITIVE,joy
411,NEGATIVE,sadness
412,NEGATIVE,sadness
413,NEGATIVE,anger
414,NEGATIVE,fear
415,POSITIVE,sadness
416,NEGATIVE,joy
418,POSITIVE,joy
419,POSITIVE,sadness
420,POSITIVE,fear
421,POSITIVE,joy
422,POSITIVE,joy
423,POSITIVE,joy
424,POSITIVE,joy
425,POSITIVE,joy
426,POSITIVE,sadness
427,POSITIVE,joy
428,POSITIVE,joy
429,NEGATIVE,fear
430,POSITIVE,joy
434,POSITIVE,joy
435,POSITIVE,joy
436,NEGATIVE,joy
439,POSITIVE,joy
441,POSITIVE,joy
445,POSITIVE,sadness
449,POSITIVE,joy
451,POSITIVE,sadness
452,POSITIVE,fear
453,POSITIVE,joy
454,NEGATIVE,anger
455,POSITIVE,joy
456,POSITIVE,joy
457,NEGATIVE,anger
459,POSITIVE,sadness
460,POSITIVE,joy
461,NEGATIVE,fear
462,POSITIVE,joy
463,POSITIVE,joy
464,POSITIVE,joy
465,NEGATIVE,anger
467,POSITIVE,joy
468,POSITIVE,sadness
469,POSITIVE,joy
470,POSITIVE,joy
471,POSITIVE,fear
472,NEGATIVE,sadness
473,NEGATIVE,sadness
474,NEGATIVE,sadness
475,POSITIVE,joy
476,NEGATIVE,anger
477,POSITIVE,sadness
478,POSITIVE,joy
479,POSITIVE,joy
480,POSITIVE,sadness
481,NEGATIVE,sadness
482,NEGATIVE,anger
483,POSITIVE,sadness
485,NEGATIVE,sadness
486,POSITIVE,sadness
487,POSITIVE,joy
489,NEGATIVE,anger
490,POSITIVE,joy
491,POSITIVE,joy
492,POSITIVE,sadness
493,POSITIVE,joy
494,NEGATIVE,joy
495,POSITIVE,joy
496,NEGATIVE,anger
498,POSITIVE,joy
499,POSITIVE,joy
500,NEGATIVE,anger
501,POSITIVE,joy
502,NEGATIVE,sadness
503,POSITIVE,fear
505,POSITIVE,joy
506,POSITIVE,joy
507,POSITIVE,joy
508,POSITIVE,joy
509,POSITIVE,joy
510,NEGATIVE,anger
511,POSITIVE,fear
512,POSITIVE,joy
513,POSITIVE,joy
514,NEGATIVE,sadness
515,POSITIVE,sadness
516,NEGATIVE,anger
517,POSITIVE,fear
518,NEGATIVE,sadness
519,NEGATIVE,fear
520,NEGATIVE,anger
521,POSITIVE,anger
522,NEGATIVE,fear
523,NEGATIVE,sadness
524,NEGATIVE,joy
525,POSITIVE,fear
526,POSITIVE,sadness
528,NEGATIVE,anger
529,NEGATIVE,joy
531,NEGATIVE,anger
532,NEGATIVE,joy
533,NEGATIVE,sadness
534,NEGATIVE,anger
538,POSITIVE,joy
540,POSITIVE,sadness
541,POSITIVE,sadness
542,POSITIVE,anger
545,POSITIVE,joy
546,NEGATIVE,anger
547,NEGATIVE,anger
548,POSITIVE,sadness
550,POSITIVE,joy
552,NEGATIVE,anger
553,NEGATIVE,fear
554,NEGATIVE,sadness
555,POSITIVE,joy
556,NEGATIVE,sadness
560,NEGATIVE,sadness
561,POSITIVE,joy
562,POSITIVE,joy
565,POSITIVE,joy
566,POSITIVE,joy
567,NEGATIVE,anger
568,POSITIVE,sadness
570,POSITIVE,joy
571,NEGATIVE,anger
572,POSITIVE,sadness
573,POSITIVE,fear
574,POSITIVE,fear
575,POSITIVE,sadness
576,POSITIVE,sadness
577,NEGATIVE,sadness
580,POSITIVE,joy
581,POSITIVE,joy
585,POSITIVE,joy
586,NEGATIVE,sadness
587,POSITIVE,joy
588,NEGATIVE,sadness
589,POSITIVE,sadness
590,POSITIVE,sadness
591,NEGATIVE,anger
592,POSITIVE,joy
593,POSITIVE,joy
595,NEGATIVE,sadness
596,POSITIVE,joy
597,POSITIVE,joy
599,NEGATIVE,sadness
600,POSITIVE,sadness
602,NEGATIVE,anger
604,NEGATIVE,anger
607,POSITIVE,anger
608,NEGATIVE,anger
609,POSITIVE,sadness
610,POSITIVE,sadness
612,POSITIVE,sadness
613,NEGATIVE,sadness
614,POSITIVE,joy
615,POSITIVE,joy
616,NEGATIVE,sadness
619,POSITIVE,joy
620,POSITIVE,joy
621,NEGATIVE,anger
622,NEGATIVE,sadness
623,POSITIVE,sadness
624,POSITIVE,joy
625,POSITIVE,joy
626,NEGATIVE,anger
627,NEGATIVE,anger
628,NEGATIVE,sadness
629,NEGATIVE,joy
630,POSITIVE,joy
631,POSITIVE,sadness
632,POSITIVE,sadness
633,POSITIVE,sadness
634,NEGATIVE,anger
635,POSITIVE,joy
637,NEGATIVE,sadness
639,POSITIVE,joy
641,POSITIVE,sadness
644,NEGATIVE,sadness
645,NEGATIVE,sadness
646,NEGATIVE,sadness
647,NEGATIVE,anger
649,POSITIVE,sadness
650,POSITIVE,joy
651,NEGATIVE,anger
653,POSITIVE,sadness
654,NEGATIVE,fear
655,NEGATIVE,anger
656,NEGATIVE,joy
659,NEGATIVE,anger
661,POSITIVE,joy
662,POSITIVE,anger
663,NEGATIVE,sadness
664,POSITIVE,joy
665,POSITIVE,joy
666,POSITIVE,anger
667,NEGATIVE,sadness
669,POSITIVE,sadness
672,POSITIVE,joy
674,POSITIVE,joy
675,NEGATIVE,sadness
676,POSITIVE,sadness
677,POSITIVE,joy
678,POSITIVE,sadness
679,POSITIVE,sadness
680,POSITIVE,joy
681,POSITIVE,joy
682,NEGATIVE,sadness
683,POSITIVE,joy
684,POSITIVE,sadness
685,NEGATIVE,sadness
686,POSITIVE,joy
687,NEGATIVE,sadness
688,NEGATIVE,sadness
689,NEGATIVE,anger
690,POSITIVE,anger
691,POSITIVE,sadness
692,NEGATIVE,sadness
694,POSITIVE,sadness
695,NEGATIVE,joy
698,POSITIVE,joy
699,POSITIVE,joy
701,POSITIVE,joy
703,POSITIVE,sadness
705,POSITIVE,sadness
706,NEGATIVE,sadness
707,POSITIVE,joy
708,POSITIVE,joy
709,POSITIVE,joy
711,POSITIVE,joy
713,POSITIVE,sadness
714,POSITIVE,joy
716,POSITIVE,joy
717,POSITIVE,joy
718,POSITIVE,joy
719,NEGATIVE,sadness
720,NEGATIVE,sadness
721,POSITIVE,anger
723,POSITIVE,sadness
724,POSITIVE,joy
725,POSITIVE,fear
726,NEGATIVE,joy
728,POSITIVE,sadness
729,POSITIVE,joy
730,POSITIVE,sadness
733,NEGATIVE,sadness
734,NEGATIVE,sadness
735,NEGATIVE,anger
736,NEGATIVE,sadness
737,POSITIVE,joy
738,NEGATIVE,sadness
739,NEGATIVE,sadness
742,POSITIVE,joy
743,POSITIVE,joy
744,POSITIVE,anger
745,NEGATIVE,anger
746,NEGATIVE,anger
747,POSITIVE,joy
748,POSITIVE,sadness
749,POSITIVE,sadness
750,POSITIVE,sadness
751,NEGATIVE,anger
752,POSITIVE,joy
753,POSITIVE,sadness
754,POSITIVE,joy
755,POSITIVE,sadness
756,POSITIVE,joy
757,POSITIVE,joy
758,POSITIVE,fear
759,POSITIVE,joy
760,POSITIVE,joy
761,POSITIVE,joy
763,POSITIVE,fear
764,POSITIVE,sadness
765,POSITIVE,anger
766,POSITIVE,joy
767,NEGATIVE,sadness
768,POSITIVE,joy
769,POSITIVE,sadness
770,NEGATIVE,anger
771,POSITIVE,sadness
772,POSITIVE,sadness
773,POSITIVE,joy
774,POSITIVE,joy
775,NEGATIVE,anger
776,NEGATIVE,anger
777,POSITIVE,sadness
778,POSITIVE,anger
779,POSITIVE,anger
780,NEGATIVE,anger
781,NEGATIVE,anger
782,POSITIVE,anger
784,NEGATIVE,anger
785,POSITIVE,anger
786,POSITIVE,joy
787,POSITIVE,joy
788,POSITIVE,sadness
789,POSITIVE,anger
790,POSITIVE,sadness
792,POSITIVE,joy
793,POSITIVE,joy
794,POSITIVE,joy
795,NEGATIVE,anger
796,POSITIVE,joy
797,POSITIVE,joy
798,POSITIVE,sadness
799,POSITIVE,joy
800,POSITIVE,joy
802,POSITIVE,anger
805,POSITIVE,fear
806,NEGATIVE,fear
807,NEGATIVE,anger
808,POSITIVE,joy
810,POSITIVE,joy
811,NEGATIVE,anger
813,NEGATIVE,anger
815,POSITIVE,anger
816,NEGATIVE,anger
818,NEGATIVE,anger
819,POSITIVE,joy
820,POSITIVE,joy
821,POSITIVE,joy
826,NEGATIVE,anger
827,NEGATIVE,sadness
828,NEGATIVE,sadness
829,POSITIVE,sadness
830,NEGATIVE,anger
831,NEGATIVE,anger
832,NEGATIVE,sadness
833,NEGATIVE,anger
834,POSITIVE,anger
836,NEGATIVE,anger
838,POSITIVE,joy
839,NEGATIVE,sadness
840,POSITIVE,joy
841,NEGATIVE,sadness
842,NEGATIVE,anger
843,NEGATIVE,sadness
844,NEGATIVE,joy
855,NEGATIVE,anger
856,NEGATIVE,anger
857,NEGATIVE,anger
858,POSITIVE,fear
859,POSITIVE,anger
860,NEGATIVE,sadness
861,POSITIVE,joy
863,NEGATIVE,anger
865,POSITIVE,anger
867,NEGATIVE,anger
868,POSITIVE,joy
869,NEGATIVE,sadness
870,NEGATIVE,sadness
871,POSITIVE,sadness
872,NEGATIVE,anger
873,POSITIVE,fear
874,POSITIVE,joy
876,NEGATIVE,sadness
877,NEGATIVE,anger
880,NEGATIVE,anger
881,NEGATIVE,joy
882,NEGATIVE,anger
883,POSITIVE,anger
884,POSITIVE,anger
885,NEGATIVE,anger
886,POSITIVE,anger
888,NEGATIVE,sadness
889,POSITIVE,anger
890,NEGATIVE,anger
891,POSITIVE,anger
892,NEGATIVE,sadness
893,NEGATIVE,joy
894,POSITIVE,sadness
895,POSITIVE,anger
896,POSITIVE,anger
897,NEGATIVE,anger
898,NEGATIVE,anger
900,NEGATIVE,anger
901,NEGATIVE,anger
902,NEGATIVE,sadness
903,POSITIVE,joy
904,POSITIVE,anger
905,NEGATIVE,anger
906,NEGATIVE,anger
907,NEGATIVE,anger
908,NEGATIVE,anger
909,POSITIVE,sadness
911,NEGATIVE,joy
912,NEGATIVE,anger
913,NEGATIVE,anger
914,NEGATIVE,joy
917,NEGATIVE,fear
918,NEGATIVE,sadness
919,POSITIVE,anger
920,NEGATIVE,anger
921,POSITIVE,joy
922,NEGATIVE,sadness
923,NEGATIVE,anger
924,POSITIVE,anger
925,POSITIVE,joy
927,POSITIVE,joy
928,POSITIVE,joy
929,POSITIVE,sadness
930,NEGATIVE,anger
931,NEGATIVE,sadness
932,POSITIVE,joy
933,NEGATIVE,anger
934,POSITIVE,anger
935,NEGATIVE,anger
936,NEGATIVE,anger
937,NEGATIVE,fear
938,NEGATIVE,anger
940,POSITIVE,anger
941,POSITIVE,sadness
943,NEGATIVE,joy
944,POSITIVE,joy
945,NEGATIVE,sadness
946,NEGATIVE,sadness
947,POSITIVE,joy
948,POSITIVE,joy
949,NEGATIVE,anger
950,POSITIVE,sadness
951,POSITIVE,joy
952,NEGATIVE,sadness
953,POSITIVE,joy
954,NEGATIVE,sadness
955,POSITIVE,joy
956,POSITIVE,joy
957,POSITIVE,joy
958,NEGATIVE,anger
959,NEGATIVE,sadness
960,NEGATIVE,sadness
961,POSITIVE,joy
962,NEGATIVE,anger
963,NEGATIVE,anger
964,NEGATIVE,sadness
965,POSITIVE,joy
966,POSITIVE,joy
967,NEGATIVE,anger
968,POSITIVE,sadness
969,NEGATIVE,sadness
970,NEGATIVE,anger
971,POSITIVE,anger
972,POSITIVE,joy
973,POSITIVE,joy
974,POSITIVE,joy
976,NEGATIVE,anger
977,NEGATIVE,joy
978,POSITIVE,joy
979,NEGATIVE,anger
980,POSITIVE,joy
981,POSITIVE,joy
984,POSITIVE,sadness
985,POSITIVE,joy
986,NEGATIVE,anger
987,NEGATIVE,anger
988,NEGATIVE,anger
989,POSITIVE,joy
990,POSITIVE,sadness
991,NEGATIVE,sadness
993,NEGATIVE,anger
994,POSITIVE,joy
995,POSITIVE,joy
996,POSITIVE,joy
997,POSITIVE,joy
998,POSITIVE,joy
999,POSITIVE,joy
1000,POSITIVE,sadness
1001,POSITIVE,joy
1002,NEGATIVE,joy
1003,POSITIVE,joy
1004,POSITIVE,joy
1005,POSITIVE,joy
1006,NEGATIVE,sadness
1008,NEGATIVE,sadness
1009,POSITIVE,joy
1010,POSITIVE,joy
1011,POSITIVE,joy
1012,POSITIVE,sadness
1013,POSITIVE,joy
1014,POSITIVE,joy
1015,POSITIVE,anger
1017,POSITIVE,joy
1018,POSITIVE,joy
1019,POSITIVE,joy
1020,POSITIVE,joy
1021,POSITIVE,joy
1022,POSITIVE,joy
1023,POSITIVE,joy
1024,NEGATIVE,sadness
1025,POSITIVE,joy
1026,POSITIVE,fear
1027,POSITIVE,joy
1028,POSITIVE,joy
1029,POSITIVE,sadness
1030,POSITIVE,joy
1031,POSITIVE,sadness
1032,POSITIVE,sadness
1033,POSITIVE,sadness
1034,POSITIVE,joy
1037,NEGATIVE,joy
1038,NEGATIVE,anger
1039,POSITIVE,sadness
1040,POSITIVE,joy
1041,POSITIVE,joy
1042,POSITIVE,joy
1043,POSITIVE,joy
1044,POSITIVE,anger
1045,POSITIVE,sadness
1046,POSITIVE,joy
1047,POSITIVE,sadness
1048,POSITIVE,joy
1049,POSITIVE,joy
1050,POSITIVE,joy
1051,POSITIVE,joy
1054,POSITIVE,anger
1055,POSITIVE,joy
1056,POSITIVE,sadness
1057,POSITIVE,joy
1058,POSITIVE,joy
1059,NEGATIVE,anger
1060,NEGATIVE,sadness
1061,NEGATIVE,anger
1062,POSITIVE,joy
1063,POSITIVE,joy
1064,POSITIVE,sadness
1065,POSITIVE,joy
1066,POSITIVE,joy
1067,POSITIVE,anger
1068,POSITIVE,sadness
1069,POSITIVE,sadness
1070,POSITIVE,anger
1071,POSITIVE,joy
1072,POSITIVE,joy
1073,POSITIVE,joy
1074,POSITIVE,joy
1075,POSITIVE,sadness
1076,POSITIVE,sadness
1077,POSITIVE,joy
1078,POSITIVE,joy
1079,POSITIVE,joy
1081,POSITIVE,joy
1082,NEGATIVE,joy
1083,POSITIVE,sadness
1084,POSITIVE,joy
1085,POSITIVE,joy
1086,POSITIVE,sadness
1087,POSITIVE,joy
1088,POSITIVE,joy
1089,POSITIVE,joy
1090,POSITIVE,joy
1091,POSITIVE,joy
1092,POSITIVE,joy
1093,POSITIVE,joy
1094,POSITIVE,joy
1096,POSITIVE,joy
1097,POSITIVE,joy
1100,POSITIVE,joy
1101,POSITIVE,joy
1102,POSITIVE,joy
1103,POSITIVE,sadness
1104,POSITIVE,joy
1106,POSITIVE,sadness
1107,POSITIVE,joy
1108,POSITIVE,joy
1111,POSITIVE,joy
1115,POSITIVE,joy
1116,POSITIVE,joy
1117,POSITIVE,joy
1119,POSITIVE,sadness
1120,POSITIVE,sadness
1121,POSITIVE,joy
1122,POSITIVE,joy
1123,POSITIVE,joy
1124,POSITIVE,joy
1125,POSITIVE,joy
1126,POSITIVE,joy
1127,POSITIVE,joy
1128,POSITIVE,joy
1129,POSITIVE,joy
1134,POSITIVE,sadness
1135,POSITIVE,joy
1136,POSITIVE,joy
1137,POSITIVE,joy
1139,POSITIVE,joy
1140,POSITIVE,joy
1141,POSITIVE,joy
1142,POSITIVE,joy
1145,POSITIVE,joy
1146,POSITIVE,joy
1149,POSITIVE,joy
1151,POSITIVE,joy
1152,POSITIVE,joy
1153,POSITIVE,joy
1154,NEGATIVE,sadness
1155,POSITIVE,joy
1158,POSITIVE,anger
1159,POSITIVE,joy
1160,NEGATIVE,joy
1163,POSITIVE,anger
1164,POSITIVE,joy
1165,POSITIVE,joy
1166,POSITIVE,sadness
1167,POSITIVE,sadness
1168,NEGATIVE,anger
1169,NEGATIVE,anger
1170,POSITIVE,anger
1171,POSITIVE,fear
1172,NEGATIVE,sadness
1173,NEGATIVE,sadness
1175,POSITIVE,sadness
1176,POSITIVE,sadness
1177,POSITIVE,joy
1178,POSITIVE,sadness
1179,POSITIVE,sadness
1180,POSITIVE,joy
1181,POSITIVE,joy
1182,NEGATIVE,joy
1183,POSITIVE,joy
1184,POSITIVE,sadness
1185,POSITIVE,joy
1186,POSITIVE,joy
1187,POSITIVE,sadness
1188,NEGATIVE,sadness
1189,NEGATIVE,joy
1190,POSITIVE,joy
1192,POSITIVE,sadness
1193,POSITIVE,sadness
1194,POSITIVE,joy
1195,POSITIVE,sadness
1196,POSITIVE,joy
1197,POSITIVE,joy
1198,NEGATIVE,joy
1202,POSITIVE,joy
1203,POSITIVE,sadness
1204,POSITIVE,sadness
1205,POSITIVE,sadness
1206,POSITIVE,joy
1207,POSITIVE,joy
1208,POSITIVE,joy
1209,POSITIVE,joy
1210,POSITIVE,joy
1211,POSITIVE,joy
1212,NEGATIVE,sadness
1213,POSITIVE,joy
1214,POSITIVE,joy
1215,POSITIVE,sadness
1217,POSITIVE,sadness
1220,POSITIVE,joy
1224,POSITIVE,joy
1226,POSITIVE,joy
1228,POSITIVE,joy
1232,NEGATIVE,sadness
1233,POSITIVE,joy
1234,POSITIVE,joy
1236,POSITIVE,joy
1237,POSITIVE,joy
1240,POSITIVE,joy
1241,NEGATIVE,sadness
1242,POSITIVE,anger
1243,POSITIVE,sadness
1244,POSITIVE,joy
1245,POSITIVE,sadness
1246,POSITIVE,joy
1248,POSITIVE,sadness
1249,POSITIVE,joy
1250,POSITIVE,joy
1251,NEGATIVE,anger
1253,POSITIVE,sadness
1254,POSITIVE,joy
1256,POSITIVE,joy
1257,POSITIVE,joy
1258,POSITIVE,joy
1259,POSITIVE,joy
1260,POSITIVE,joy
1261,POSITIVE,joy
1262,POSITIVE,joy
1263,POSITIVE,sadness
1264,POSITIVE,joy
1265,POSITIVE,joy
1266,POSITIVE,joy
1267,POSITIVE,joy
1268,NEGATIVE,joy
1269,POSITIVE,joy
1270,POSITIVE,sadness
1271,POSITIVE,joy
1272,POSITIVE,sadness
1274,POSITIVE,joy
1276,POSITIVE,joy
1277,POSITIVE,joy
1278,POSITIVE,joy
1279,NEGATIVE,sadness
1280,POSITIVE,joy
1281,POSITIVE,joy
1282,POSITIVE,joy
1283,POSITIVE,joy
1284,POSITIVE,joy
1285,POSITIVE,sadness
1286,POSITIVE,sadness
1287,POSITIVE,joy
1288,POSITIVE,joy
1289,POSITIVE,sadness
1290,POSITIVE,joy
1292,POSITIVE,joy
1293,POSITIVE,joy
1294,POSITIVE,sadness
1295,POSITIVE,joy
1296,POSITIVE,sadness
1297,POSITIVE,joy
1298,POSITIVE,sadness
1299,POSITIVE,sadness
1300,POSITIVE,joy
1301,POSITIVE,anger
1302,POSITIVE,joy
1303,POSITIVE,sadness
1304,POSITIVE,joy
1305,POSITIVE,joy
1306,POSITIVE,joy
1307,POSITIVE,joy
1308,POSITIVE,joy
1309,POSITIVE,joy
1310,POSITIVE,sadness
1311,NEGATIVE,sadness
1312,NEGATIVE,anger
1313,NEGATIVE,anger
1314,NEGATIVE,sadness
1315,POSITIVE,joy
1316,NEGATIVE,anger
1318,POSITIVE,joy
1319,POSITIVE,sadness
1320,POSITIVE,sadness
1322,POSITIVE,joy
1323,NEGATIVE,sadness
1324,POSITIVE,joy
1326,NEGATIVE,anger
1328,NEGATIVE,sadness
1329,POSITIVE,joy
1330,NEGATIVE,anger
1331,NEGATIVE,sadness
1332,POSITIVE,joy
1333,POSITIVE,joy
1334,NEGATIVE,anger
1335,POSITIVE,joy
1336,POSITIVE,sadness
1337,POSITIVE,joy
1338,NEGATIVE,sadness
1339,NEGATIVE,sadness
1340,NEGATIVE,anger
1341,POSITIVE,anger
1342,POSITIVE,joy
1343,NEGATIVE,sadness
1344,POSITIVE,sadness
1345,POSITIVE,joy
1346,POSITIVE,joy
1347,POSITIVE,joy
1349,NEGATIVE,sadness
1350,POSITIVE,sadness
1351,POSITIVE,sadness
1352,NEGATIVE,sadness
1353,NEGATIVE,joy
1354,NEGATIVE,sadness
1355,POSITIVE,joy
1357,NEGATIVE,sadness
1358,POSITIVE,sadness
1359,POSITIVE,joy
1360,POSITIVE,sadness
1361,POSITIVE,joy
1365,POSITIVE,sadness
1366,POSITIVE,sadness
1367,POSITIVE,sadness
1368,POSITIVE,joy
1371,POSITIVE,joy
1373,NEGATIVE,sadness
1374,POSITIVE,anger
1375,POSITIVE,joy
1376,POSITIVE,joy
1379,POSITIVE,joy
1380,NEGATIVE,anger
1383,NEGATIVE,joy
1385,POSITIVE,joy
1386,NEGATIVE,anger
1387,NEGATIVE,sadness
1388,NEGATIVE,anger
1389,NEGATIVE,sadness
1390,NEGATIVE,joy
1391,NEGATIVE,anger
1392,NEGATIVE,sadness
1393,POSITIVE,joy
1394,NEGATIVE,anger
1395,NEGATIVE,fear
1396,NEGATIVE,anger
1406,POSITIVE,sadness
1410,POSITIVE,joy
1412,POSITIVE,joy
1415,POSITIVE,joy
1417,NEGATIVE,sadness
1418,POSITIVE,anger
1419,POSITIVE,joy
1421,POSITIVE,joy
1422,POSITIVE,joy
1423,POSITIVE,joy
1425,POSITIVE,sadness
1426,NEGATIVE,anger
1427,POSITIVE,sadness
1429,POSITIVE,joy
1430,POSITIVE,joy
1432,NEGATIVE,joy
1433,POSITIVE,joy
1434,POSITIVE,joy
1435,NEGATIVE,anger
1436,POSITIVE,joy
1441,POSITIVE,joy
1446,NEGATIVE,joy
1447,POSITIVE,joy
1449,POSITIVE,joy
1453,POSITIVE,joy
1456,NEGATIVE,fear
1459,POSITIVE,sadness
1462,NEGATIVE,anger
1463,POSITIVE,sadness
1466,POSITIVE,joy
1468,POSITIVE,sadness
1469,POSITIVE,joy
1470,POSITIVE,joy
1471,POSITIVE,joy
1472,POSITIVE,joy
1473,POSITIVE,joy
1478,POSITIVE,joy
1479,POSITIVE,joy
1480,NEGATIVE,sadness
1482,NEGATIVE,anger
1483,POSITIVE,joy
1484,NEGATIVE,sadness
1485,NEGATIVE,anger
1486,POSITIVE,anger
1487,NEGATIVE,sadness
1488,NEGATIVE,anger
1489,POSITIVE,anger
1490,NEGATIVE,anger
1491,POSITIVE,joy
1492,NEGATIVE,anger
1493,POSITIVE,anger
1494,NEGATIVE,sadness
1495,POSITIVE,anger
1496,NEGATIVE,anger
1497,NEGATIVE,anger
1498,NEGATIVE,anger
1499,NEGATIVE,anger
1500,NEGATIVE,fear
1501,NEGATIVE,anger
1502,NEGATIVE,anger
1503,NEGATIVE,anger
1504,NEGATIVE,anger
1505,NEGATIVE,sadness
1506,NEGATIVE,anger
1507,NEGATIVE,anger
1508,NEGATIVE,anger
1509,NEGATIVE,anger
1511,NEGATIVE,fear
1512,NEGATIVE,sadness
1514,POSITIVE,sadness
1515,NEGATIVE,anger
1516,POSITIVE,sadness
1517,POSITIVE,anger
1518,NEGATIVE,anger
1519,NEGATIVE,anger
1521,POSITIVE,joy
1522,NEGATIVE,joy
1523,NEGATIVE,anger
1526,NEGATIVE,joy
1527,NEGATIVE,sadness
1528,POSITIVE,anger
1529,NEGATIVE,anger
1531,NEGATIVE,fear
1532,NEGATIVE,sadness
1533,NEGATIVE,anger
1534,NEGATIVE,anger
1535,NEGATIVE,anger
1537,NEGATIVE,sadness
1538,NEGATIVE,anger
1539,NEGATIVE,sadness
1541,NEGATIVE,anger
1542,POSITIVE,sadness
1549,NEGATIVE,fear
1550,POSITIVE,joy
1553,POSITIVE,joy
1554,POSITIVE,joy
1555,NEGATIVE,sadness
1556,POSITIVE,sadness
1557,NEGATIVE,sadness
1558,NEGATIVE,anger
1562,NEGATIVE,joy
1563,POSITIVE,joy
1564,POSITIVE,joy
1565,POSITIVE,joy
1567,POSITIVE,joy
1569,POSITIVE,joy
1570,NEGATIVE,sadness
1571,POSITIVE,joy
1572,POSITIVE,joy
1573,POSITIVE,anger
1577,POSITIVE,sadness
1578,POSITIVE,sadness
1580,POSITIVE,joy
1581,POSITIVE,joy
1583,POSITIVE,joy
1584,POSITIVE,sadness
1585,POSITIVE,sadness
1586,POSITIVE,sadness
1588,NEGATIVE,sadness
1589,POSITIVE,joy
1591,NEGATIVE,anger
1593,POSITIVE,joy
1595,NEGATIVE,sadness
1596,POSITIVE,joy
1598,NEGATIVE,sadness
1599,NEGATIVE,sadness
1601,POSITIVE,joy
1602,NEGATIVE,sadness
1603,POSITIVE,joy
1604,NEGATIVE,sadness
1616,POSITIVE,joy
1617,POSITIVE,joy
1618,POSITIVE,joy
1620,POSITIVE,joy
1621,POSITIVE,joy
1622,POSITIVE,joy
1623,POSITIVE,sadness
1624,POSITIVE,joy
1627,POSITIVE,joy
1628,NEGATIVE,sadness
1629,POSITIVE,sadness
1631,POSITIVE,joy
1632,POSITIVE,sadness
1633,NEGATIVE,sadness
1634,POSITIVE,joy
1635,POSITIVE,joy
1636,POSITIVE,joy
1640,POSITIVE,joy
1643,NEGATIVE,sadness
1645,POSITIVE,joy
1646,POSITIVE,joy
1649,POSITIVE,sadness
1650,POSITIVE,joy
1651,POSITIVE,joy
1653,POSITIVE,joy
1655,POSITIVE,joy
1656,POSITIVE,joy
1657,POSITIVE,joy
1658,NEGATIVE,joy
1659,POSITIVE,joy
1661,POSITIVE,joy
1662,POSITIVE,joy
1663,POSITIVE,joy
1664,POSITIVE,joy
1665,POSITIVE,joy
1666,POSITIVE,joy
1670,POSITIVE,joy
1671,POSITIVE,joy
1672,NEGATIVE,joy
1673,POSITIVE,sadness
1674,POSITIVE,joy
1675,POSITIVE,joy
1676,POSITIVE,joy
1677,POSITIVE,sadness
1683,POSITIVE,joy
1684,POSITIVE,joy
1685,NEGATIVE,anger
1686,POSITIVE,sadness
1687,NEGATIVE,fear
1688,POSITIVE,joy
1689,POSITIVE,joy
1691,POSITIVE,anger
1693,NEGATIVE,joy
1694,POSITIVE,joy
1695,POSITIVE,joy
1697,POSITIVE,fear
1698,NEGATIVE,sadness
1699,NEGATIVE,sadness
1700,NEGATIVE,sadness
1701,POSITIVE,joy
1702,POSITIVE,joy
1703,POSITIVE,sadness
1704,POSITIVE,sadness
1707,POSITIVE,joy
1712,POSITIVE,joy
1714,POSITIVE,joy
1715,POSITIVE,sadness
1716,POSITIVE,joy
1717,POSITIVE,joy
1718,POSITIVE,joy
1719,POSITIVE,joy
1720,POSITIVE,joy
1721,POSITIVE,anger
1722,POSITIVE,sadness
1723,POSITIVE,sadness
1725,POSITIVE,anger
1727,POSITIVE,joy
1728,POSITIVE,joy
1729,POSITIVE,anger
1730,POSITIVE,sadness
1731,POSITIVE,joy
1732,NEGATIVE,anger
1733,NEGATIVE,sadness
1734,POSITIVE,sadness
1735,POSITIVE,joy
1736,POSITIVE,joy
1737,POSITIVE,joy
1739,POSITIVE,joy
1741,POSITIVE,fear
1742,NEGATIVE,sadness
1744,POSITIVE,joy
1746,POSITIVE,sadness
1747,POSITIVE,sadness
1751,POSITIVE,joy
1752,POSITIVE,joy
1754,POSITIVE,sadness
1755,POSITIVE,joy
1759,POSITIVE,sadness
1760,NEGATIVE,sadness
1761,POSITIVE,joy
1762,NEGATIVE,sadness
1763,POSITIVE,anger
1764,POSITIVE,sadness
1765,POSITIVE,joy
1766,POSITIVE,fear
1771,POSITIVE,anger
1778,POSITIVE,joy
1780,POSITIVE,joy
1783,POSITIVE,joy
1785,POSITIVE,joy
1786,POSITIVE,joy
1787,POSITIVE,joy
1788,POSITIVE,joy
1789,POSITIVE,joy
1790,POSITIVE,sadness
1792,NEGATIVE,sadness
1794,POSITIVE,joy
1795,POSITIVE,joy
1797,POSITIVE,joy
1799,POSITIVE,joy
1800,NEGATIVE,anger
1802,NEGATIVE,joy
1804,POSITIVE,joy
1805,NEGATIVE,sadness
1806,NEGATIVE,joy
1807,POSITIVE,sadness
1808,POSITIVE,joy
1809,NEGATIVE,anger
1810,NEGATIVE,sadness
1812,POSITIVE,joy
1814,POSITIVE,joy
1816,POSITIVE,joy
1817,POSITIVE,joy
1818,POSITIVE,sadness
1820,POSITIVE,sadness
1821,POSITIVE,joy
1822,POSITIVE,fear
1823,POSITIVE,joy
1824,POSITIVE,joy
1825,NEGATIVE,joy
1826,POSITIVE,sadness
1827,NEGATIVE,sadness
1828,POSITIVE,anger
1829,POSITIVE,joy
1830,POSITIVE,joy
1831,POSITIVE,joy
1833,POSITIVE,sadness
1834,NEGATIVE,sadness
1837,NEGATIVE,sadness
1838,NEGATIVE,anger
1839,POSITIVE,sadness
1840,NEGATIVE,sadness
1841,POSITIVE,sadness
1842,POSITIVE,sadness
1843,POSITIVE,sadness
1844,POSITIVE,joy
1845,POSITIVE,joy
1846,POSITIVE,joy
1847,NEGATIVE,sadness
1848,POSITIVE,joy
1849,POSITIVE,joy
1850,POSITIVE,anger
1851,POSITIVE,anger
1852,POSITIVE,joy
1857,POSITIVE,sadness
1858,POSITIVE,joy
1859,NEGATIVE,joy
1860,POSITIVE,joy
1861,POSITIVE,joy
1862,POSITIVE,joy
1863,POSITIVE,joy
1864,POSITIVE,sadness
1865,NEGATIVE,joy
1866,POSITIVE,joy
1867,POSITIVE,joy
1868,POSITIVE,joy
1869,POSITIVE,joy
1870,POSITIVE,joy
1871,POSITIVE,joy
1872,POSITIVE,joy
1873,POSITIVE,joy
1874,POSITIVE,joy
1875,POSITIVE,joy
1877,POSITIVE,joy
1878,POSITIVE,joy
1879,POSITIVE,joy
1881,POSITIVE,joy
1883,POSITIVE,joy
1884,POSITIVE,sadness
1885,POSITIVE,joy
1886,POSITIVE,sadness
1887,POSITIVE,joy
1888,POSITIVE,joy
1889,POSITIVE,joy
1890,POSITIVE,joy
1891,POSITIVE,joy
1892,NEGATIVE,sadness
1893,POSITIVE,sadness
1895,POSITIVE,joy
1896,POSITIVE,joy
1897,POSITIVE,sadness
1898,POSITIVE,anger
1899,NEGATIVE,anger
1900,POSITIVE,joy
1901,POSITIVE,joy
1903,POSITIVE,joy
1904,POSITIVE,joy
1906,POSITIVE,joy
1907,POSITIVE,joy
1908,NEGATIVE,sadness
1909,POSITIVE,sadness
1910,POSITIVE,sadness
1911,POSITIVE,joy
1912,NEGATIVE,anger
1913,POSITIVE,joy
1914,NEGATIVE,anger
1915,POSITIVE,anger
1916,NEGATIVE,anger
1917,NEGATIVE,anger
1918,NEGATIVE,anger
1920,POSITIVE,joy
1922,POSITIVE,joy
1924,NEGATIVE,joy
1927,NEGATIVE,joy
1934,POSITIVE,anger
1939,POSITIVE,sadness
1943,POSITIVE,joy
1944,POSITIVE,joy
1945,POSITIVE,anger
1947,NEGATIVE,joy
1948,POSITIVE,joy
1951,POSITIVE,joy
1956,POSITIVE,sadness
1957,NEGATIVE,joy
1958,NEGATIVE,sadness
1959,NEGATIVE,anger
1960,POSITIVE,sadness
1961,NEGATIVE,sadness
1962,POSITIVE,sadness
1963,POSITIVE,joy
1964,NEGATIVE,anger
1965,NEGATIVE,anger
1966,NEGATIVE,joy
1967,NEGATIVE,anger
1968,POSITIVE,joy
1969,POSITIVE,fear
1970,NEGATIVE,joy
1971,NEGATIVE,sadness
1972,POSITIVE,anger
1973,POSITIVE,joy
1974,POSITIVE,joy
1975,POSITIVE,sadness
1976,NEGATIVE,sadness
1977,NEGATIVE,sadness
1979,NEGATIVE,sadness
1980,NEGATIVE,sadness
1981,POSITIVE,sadness
1982,NEGATIVE,anger
1984,POSITIVE,joy
1985,POSITIVE,joy
1986,POSITIVE,sadness
1987,POSITIVE,sadness
1988,POSITIVE,joy
1989,POSITIVE,joy
1990,POSITIVE,sadness
1991,POSITIVE,joy
1992,POSITIVE,joy
1993,NEGATIVE,anger
1994,POSITIVE,joy
1995,POSITIVE,joy
1996,NEGATIVE,sadness
1999,POSITIVE,sadness
2000,POSITIVE,anger
2001,NEGATIVE,anger
2002,POSITIVE,sadness
2003,NEGATIVE,sadness
2005,POSITIVE,joy
2006,POSITIVE,joy
2007,POSITIVE,sadness
2013,NEGATIVE,sadness
2018,POSITIVE,joy
2019,NEGATIVE,sadness
2020,NEGATIVE,fear
2021,NEGATIVE,anger
2023,NEGATIVE,sadness
2027,POSITIVE,joy
2028,POSITIVE,sadness
2029,POSITIVE,anger
2030,POSITIVE,joy
2031,POSITIVE,sadness
2032,POSITIVE,joy
2033,POSITIVE,joy
2034,POSITIVE,joy
2035,NEGATIVE,anger
2036,POSITIVE,sadness
2037,POSITIVE,joy
2038,NEGATIVE,sadness
2041,POSITIVE,sadness
2042,POSITIVE,joy
2043,POSITIVE,joy
2044,POSITIVE,joy
2045,POSITIVE,joy
2046,POSITIVE,sadness
2047,POSITIVE,joy
2048,NEGATIVE,joy
2049,POSITIVE,joy
2050,POSITIVE,joy
2051,POSITIVE,anger
2052,POSITIVE,joy
2054,POSITIVE,sadness
2055,NEGATIVE,joy
2056,POSITIVE,joy
2057,NEGATIVE,sadness
2058,NEGATIVE,sadness
2059,POSITIVE,joy
2060,POSITIVE,joy
2061,NEGATIVE,sadness
2062,NEGATIVE,anger
2063,POSITIVE,sadness
2064,POSITIVE,joy
2066,POSITIVE,sadness
2067,POSITIVE,joy
2068,POSITIVE,joy
2070,POSITIVE,sadness
2072,NEGATIVE,sadness
2073,POSITIVE,joy
2074,NEGATIVE,sadness
2075,POSITIVE,joy
2076,POSITIVE,joy
2077,POSITIVE,joy
2078,POSITIVE,joy
2079,NEGATIVE,sadness
2080,POSITIVE,joy
2081,POSITIVE,joy
2082,POSITIVE,joy
2083,NEGATIVE,anger
2084,POSITIVE,joy
2085,POSITIVE,sadness
2086,POSITIVE,joy
2087,POSITIVE,sadness
2088,NEGATIVE,anger
2089,POSITIVE,joy
2090,NEGATIVE,anger
2091,NEGATIVE,sadness
2092,POSITIVE,joy
2093,POSITIVE,sadness
2094,POSITIVE,joy
2095,POSITIVE,joy
2096,POSITIVE,anger
2097,POSITIVE,joy
2098,NEGATIVE,sadness
2099,NEGATIVE,sadness
2100,NEGATIVE,sadness
2101,POSITIVE,sadness
2102,NEGATIVE,sadness
2103,NEGATIVE,sadness
2104,NEGATIVE,sadness
2105,POSITIVE,joy
2106,POSITIVE,joy
2108,NEGATIVE,sadness
2110,POSITIVE,joy
2111,POSITIVE,sadness
2112,POSITIVE,joy
2114,NEGATIVE,sadness
2115,POSITIVE,sadness
2116,POSITIVE,joy
2117,POSITIVE,joy
2119,POSITIVE,joy
2120,POSITIVE,sadness
2121,NEGATIVE,sadness
2122,NEGATIVE,anger
2123,POSITIVE,joy
2124,POSITIVE,joy
2125,NEGATIVE,sadness
2127,NEGATIVE,sadness
2128,NEGATIVE,joy
2129,POSITIVE,joy
2131,POSITIVE,joy
2132,POSITIVE,joy
2134,POSITIVE,joy
2135,POSITIVE,sadness
2137,NEGATIVE,sadness
2138,POSITIVE,joy
2139,POSITIVE,joy
2140,NEGATIVE,anger
2142,NEGATIVE,anger
2143,NEGATIVE,sadness
2144,POSITIVE,sadness
2145,POSITIVE,joy
2146,POSITIVE,sadness
2148,POSITIVE,fear
2149,POSITIVE,anger
2150,POSITIVE,sadness
2151,NEGATIVE,sadness
2152,NEGATIVE,sadness
2157,NEGATIVE,sadness
2158,POSITIVE,joy
2159,POSITIVE,joy
2161,NEGATIVE,sadness
2164,POSITIVE,joy
2165,NEGATIVE,anger
2166,POSITIVE,joy
2167,POSITIVE,anger
2168,POSITIVE,joy
2172,POSITIVE,joy
2175,POSITIVE,joy
2176,POSITIVE,joy
2177,POSITIVE,joy
2178,NEGATIVE,joy
2179,POSITIVE,sadness
2180,POSITIVE,sadness
2182,POSITIVE,sadness
2184,POSITIVE,joy
2185,POSITIVE,joy
2186,POSITIVE,joy
2187,NEGATIVE,joy
2188,POSITIVE,joy
2189,POSITIVE,joy
2190,POSITIVE,joy
2191,NEGATIVE,sadness
2192,POSITIVE,joy
2193,NEGATIVE,sadness
2194,POSITIVE,sadness
2195,POSITIVE,sadness
2197,POSITIVE,joy
2198,POSITIVE,anger
2199,POSITIVE,sadness
2200,NEGATIVE,anger
2201,POSITIVE,joy
2202,NEGATIVE,sadness
2203,NEGATIVE,fear
2204,POSITIVE,sadness
2205,POSITIVE,joy
2206,NEGATIVE,sadness
2207,NEGATIVE,anger
2208,POSITIVE,fear
2214,POSITIVE,joy
2215,POSITIVE,joy
2218,POSITIVE,joy
2219,POSITIVE,joy
2220,NEGATIVE,anger
2221,NEGATIVE,anger
2222,POSITIVE,joy
2223,NEGATIVE,joy
2226,NEGATIVE,sadness
2228,NEGATIVE,anger
2229,NEGATIVE,sadness
2230,POSITIVE,sadness
2231,NEGATIVE,sadness
2232,POSITIVE,anger
2233,POSITIVE,sadness
2234,NEGATIVE,anger
2235,POSITIVE,joy
2236,POSITIVE,joy
2237,POSITIVE,fear
2238,POSITIVE,joy
2239,POSITIVE,sadness
2240,POSITIVE,sadness
2241,NEGATIVE,joy
2243,POSITIVE,joy
2244,NEGATIVE,anger
2245,POSITIVE,joy
2246,NEGATIVE,sadness
2247,POSITIVE,joy
2248,NEGATIVE,anger
2250,POSITIVE,sadness
2251,POSITIVE,fear
2252,POSITIVE,joy
2253,POSITIVE,joy
2254,POSITIVE,joy
2257,POSITIVE,sadness
2258,POSITIVE,joy
2259,POSITIVE,joy
2260,POSITIVE,joy
2262,POSITIVE,joy
2264,NEGATIVE,sadness
2266,POSITIVE,sadness
2267,POSITIVE,joy
2269,POSITIVE,fear
2271,POSITIVE,joy
2272,POSITIVE,joy
2273,POSITIVE,joy
2274,POSITIVE,joy
2275,POSITIVE,sadness
2276,POSITIVE,fear
2277,POSITIVE,fear
2280,NEGATIVE,joy
2281,POSITIVE,joy
2282,NEGATIVE,sadness
2285,NEGATIVE,anger
2286,POSITIVE,sadness
2287,POSITIVE,sadness
2288,POSITIVE,joy
2290,POSITIVE,joy
2291,POSITIVE,fear
2293,POSITIVE,joy
2294,POSITIVE,joy
2295,POSITIVE,sadness
2296,NEGATIVE,anger
2297,POSITIVE,joy
2298,NEGATIVE,joy
2299,POSITIVE,joy
2300,POSITIVE,joy
2301,NEGATIVE,joy
2302,POSITIVE,joy
2303,POSITIVE,joy
2304,POSITIVE,joy
2305,POSITIVE,joy
2307,POSITIVE,sadness
2308,POSITIVE,sadness
2309,POSITIVE,joy
2312,NEGATIVE,sadness
2313,NEGATIVE,anger
2314,NEGATIVE,anger
2315,NEGATIVE,anger
2316,NEGATIVE,sadness
2317,NEGATIVE,sadness
2318,NEGATIVE,sadness
2319,POSITIVE,joy
2320,NEGATIVE,anger
2321,NEGATIVE,sadness
2322,POSITIVE,anger
2323,POSITIVE,joy
2324,NEGATIVE,anger
2325,NEGATIVE,anger
2326,NEGATIVE,sadness
2327,POSITIVE,anger
2328,POSITIVE,joy
2329,POSITIVE,sadness
2330,POSITIVE,sadness
2331,POSITIVE,joy
2332,NEGATIVE,sadness
2333,POSITIVE,sadness
2334,NEGATIVE,anger
2335,POSITIVE,sadness
2336,NEGATIVE,anger
2337,NEGATIVE,anger
2338,POSITIVE,joy
2339,POSITIVE,joy
2340,POSITIVE,joy
2341,NEGATIVE,joy
2342,POSITIVE,sadness
2343,POSITIVE,joy
2344,POSITIVE,joy
2345,POSITIVE,joy
2347,NEGATIVE,sadness
2348,POSITIVE,joy
2349,NEGATIVE,sadness
2351,POSITIVE,sadness
2352,POSITIVE,joy
2353,POSITIVE,joy
2355,POSITIVE,joy
2356,POSITIVE,sadness
2357,POSITIVE,joy
2358,POSITIVE,joy
2359,POSITIVE,joy
2360,POSITIVE,joy
2361,POSITIVE,sadness
2363,POSITIVE,joy
2364,POSITIVE,joy
2365,POSITIVE,joy
2366,POSITIVE,joy
2367,POSITIVE,joy
2368,POSITIVE,joy
2369,POSITIVE,joy
2371,POSITIVE,joy
2373,POSITIVE,joy
2375,NEGATIVE,sadness
2376,POSITIVE,joy
2377,POSITIVE,joy
2378,NEGATIVE,anger
2379,POSITIVE,joy
2380,POSITIVE,sadness
2381,POSITIVE,sadness
2384,NEGATIVE,anger
2386,POSITIVE,joy
2387,NEGATIVE,anger
2388,POSITIVE,sadness
2394,POSITIVE,joy
2401,POSITIVE,joy
2404,NEGATIVE,sadness
2405,POSITIVE,joy
2406,NEGATIVE,anger
2407,NEGATIVE,anger
2408,POSITIVE,fear
2409,POSITIVE,joy
2410,POSITIVE,anger
2411,NEGATIVE,sadness
2412,POSITIVE,joy
2415,POSITIVE,joy
2416,POSITIVE,sadness
2417,POSITIVE,joy
2418,NEGATIVE,joy
2419,NEGATIVE,sadness
2420,POSITIVE,joy
2421,NEGATIVE,sadness
2425,POSITIVE,joy
2426,POSITIVE,joy
2427,NEGATIVE,anger
2429,POSITIVE,joy
2430,NEGATIVE,sadness
2432,POSITIVE,joy
2433,POSITIVE,sadness
2434,POSITIVE,joy
2435,POSITIVE,sadness
2436,POSITIVE,joy
2437,POSITIVE,sadness
2438,NEGATIVE,sadness
2439,NEGATIVE,anger
2440,NEGATIVE,sadness
2442,NEGATIVE,anger
2443,NEGATIVE,anger
2444,NEGATIVE,anger
2445,NEGATIVE,anger
2447,NEGATIVE,anger
2448,NEGATIVE,anger
2449,POSITIVE,sadness
2450,POSITIVE,joy
2451,POSITIVE,joy
2452,POSITIVE,sadness
2453,POSITIVE,joy
2454,POSITIVE,joy
2455,POSITIVE,joy
2456,POSITIVE,sadness
2457,NEGATIVE,sadness
2458,NEGATIVE,anger
2459,POSITIVE,joy
2460,POSITIVE,sadness
2461,NEGATIVE,anger
2462,NEGATIVE,sadness
2463,NEGATIVE,sadness
2464,NEGATIVE,anger
2465,NEGATIVE,sadness
2466,POSITIVE,sadness
2467,POSITIVE,joy
2468,NEGATIVE,sadness
2469,NEGATIVE,sadness
2470,POSITIVE,joy
2472,NEGATIVE,sadness
2473,POSITIVE,joy
2474,POSITIVE,joy
2477,POSITIVE,sadness
2478,POSITIVE,sadness
2479,POSITIVE,joy
2480,POSITIVE,joy
2481,POSITIVE,joy
2482,POSITIVE,joy
2483,POSITIVE,joy
2484,POSITIVE,joy
2489,POSITIVE,sadness
2490,POSITIVE,sadness
2491,NEGATIVE,sadness
2493,POSITIVE,anger
2495,NEGATIVE,joy
2496,POSITIVE,sadness
2497,POSITIVE,sadness
2499,POSITIVE,sadness
2500,POSITIVE,sadness
2501,POSITIVE,joy
2503,POSITIVE,joy
2504,NEGATIVE,anger
2505,POSITIVE,fear
2506,NEGATIVE,sadness
2508,NEGATIVE,sadness
2509,POSITIVE,joy
2511,NEGATIVE,sadness
2512,POSITIVE,sadness
2513,POSITIVE,sadness
2514,POSITIVE,sadness
2516,POSITIVE,joy
2517,POSITIVE,joy
2518,POSITIVE,joy
2519,POSITIVE,joy
2521,POSITIVE,sadness
2522,POSITIVE,joy
2523,NEGATIVE,sadness
2524,POSITIVE,sadness
2525,NEGATIVE,anger
2527,NEGATIVE,anger
2528,POSITIVE,joy
2529,POSITIVE,sadness
2530,POSITIVE,joy
2534,POSITIVE,joy
2535,POSITIVE,joy
2536,POSITIVE,joy
2537,POSITIVE,sadness
2538,NEGATIVE,sadness
2539,POSITIVE,sadness
2540,POSITIVE,joy
2542,POSITIVE,sadness
2543,POSITIVE,joy
2544,NEGATIVE,sadness
2545,NEGATIVE,sadness
2546,POSITIVE,joy
2547,POSITIVE,joy
2548,NEGATIVE,anger
2549,NEGATIVE,sadness
2550,POSITIVE,joy
2551,NEGATIVE,joy
2554,POSITIVE,joy
2558,POSITIVE,joy
2561,POSITIVE,joy
2562,NEGATIVE,joy
2563,POSITIVE,joy
2564,NEGATIVE,anger
2567,NEGATIVE,joy
2568,POSITIVE,joy
2569,POSITIVE,joy
2571,POSITIVE,sadness
2572,NEGATIVE,sadness
2573,POSITIVE,sadness
2574,POSITIVE,joy
2575,POSITIVE,joy
2577,POSITIVE,joy
2578,POSITIVE,joy
2579,POSITIVE,joy
2581,POSITIVE,joy
2585,POSITIVE,sadness
2586,POSITIVE,joy
2587,POSITIVE,sadness
2588,POSITIVE,joy
2589,POSITIVE,joy
2590,POSITIVE,joy
2591,POSITIVE,sadness
2592,POSITIVE,joy
2593,NEGATIVE,joy
2598,NEGATIVE,sadness
2607,NEGATIVE,sadness
2608,POSITIVE,joy
2609,NEGATIVE,anger
2610,POSITIVE,anger
2611,POSITIVE,joy
2616,NEGATIVE,anger
2617,NEGATIVE,sadness
2618,NEGATIVE,anger
2619,NEGATIVE,anger
2620,POSITIVE,joy
2621,POSITIVE,sadness
2622,POSITIVE,joy
2623,POSITIVE,joy
2624,POSITIVE,fear
2625,NEGATIVE,anger
2628,POSITIVE,sadness
2630,NEGATIVE,sadness
2631,POSITIVE,joy
2632,NEGATIVE,sadness
2634,POSITIVE,joy
2636,POSITIVE,joy
2637,NEGATIVE,sadness
2638,POSITIVE,sadness
2639,NEGATIVE,sadness
2640,POSITIVE,joy
2641,POSITIVE,joy
2642,POSITIVE,joy
2643,POSITIVE,joy
2644,POSITIVE,joy
2645,NEGATIVE,joy
2646,POSITIVE,sadness
2647,POSITIVE,joy
2648,POSITIVE,sadness
2651,POSITIVE,joy
2652,POSITIVE,joy
2653,NEGATIVE,joy
2654,POSITIVE,sadness
2655,POSITIVE,joy
2657,NEGATIVE,sadness
2659,POSITIVE,joy
2660,NEGATIVE,anger
2661,POSITIVE,joy
2662,POSITIVE,joy
2663,POSITIVE,sadness
2664,NEGATIVE,sadness
2666,POSITIVE,sadness
2667,POSITIVE,joy
2668,POSITIVE,joy
2669,NEGATIVE,joy
2670,POSITIVE,joy
2671,POSITIVE,joy
2672,POSITIVE,joy
2673,POSITIVE,joy
2675,POSITIVE,joy
2676,POSITIVE,joy
2677,POSITIVE,joy
2678,POSITIVE,joy
2679,POSITIVE,joy
2680,POSITIVE,joy
2681,POSITIVE,joy
2682,POSITIVE,fear
2684,NEGATIVE,sadness
2687,POSITIVE,sadness
2688,POSITIVE,joy
2689,POSITIVE,joy
2690,POSITIVE,joy
2691,POSITIVE,sadness
2692,POSITIVE,sadness
2693,POSITIVE,joy
2695,POSITIVE,sadness
2696,POSITIVE,sadness
2697,NEGATIVE,sadness
2698,POSITIVE,joy
2699,POSITIVE,joy
2700,NEGATIVE,sadness
2701,NEGATIVE,anger
2702,NEGATIVE,anger
2703,POSITIVE,joy
2704,POSITIVE,joy
2705,POSITIVE,sadness
2706,POSITIVE,sadness
2707,POSITIVE,sadness
2708,POSITIVE,anger
2709,POSITIVE,anger
2710,POSITIVE,sadness
2711,NEGATIVE,sadness
2712,NEGATIVE,sadness
2713,POSITIVE,joy
2714,NEGATIVE,sadness
2718,POSITIVE,sadness
2719,POSITIVE,sadness
2721,POSITIVE,joy
2722,POSITIVE,joy
2728,POSITIVE,sadness
2729,POSITIVE,anger
2730,NEGATIVE,anger
2732,NEGATIVE,sadness
2734,POSITIVE,sadness
2735,NEGATIVE,sadness
2736,POSITIVE,joy
2737,POSITIVE,sadness
2738,NEGATIVE,anger
2739,NEGATIVE,sadness
2740,NEGATIVE,anger
2742,POSITIVE,joy
2745,POSITIVE,joy
2746,POSITIVE,joy
2747,POSITIVE,sadness
2748,NEGATIVE,anger
2749,NEGATIVE,anger
2750,NEGATIVE,sadness
2751,POSITIVE,joy
2752,POSITIVE,anger
2753,POSITIVE,joy
2754,NEGATIVE,anger
2755,NEGATIVE,anger
2756,POSITIVE,fear
2758,NEGATIVE,sadness
2759,NEGATIVE,sadness
2760,NEGATIVE,anger
2761,NEGATIVE,anger
2762,NEGATIVE,joy
2766,POSITIVE,joy
2767,POSITIVE,joy
2769,POSITIVE,sadness
2772,POSITIVE,joy
2773,POSITIVE,joy
2774,NEGATIVE,joy
2775,POSITIVE,joy
2776,NEGATIVE,sadness
2777,POSITIVE,anger
2778,POSITIVE,sadness
2780,NEGATIVE,sadness
2782,POSITIVE,sadness
2783,NEGATIVE,anger
2785,NEGATIVE,sadness
2786,POSITIVE,anger
2790,POSITIVE,joy
2795,NEGATIVE,sadness
2797,POSITIVE,sadness
2798,POSITIVE,joy
2800,NEGATIVE,sadness
2801,NEGATIVE,anger
2802,NEGATIVE,sadness
2803,POSITIVE,joy
2804,POSITIVE,sadness
2805,NEGATIVE,sadness
2806,POSITIVE,joy
2809,POSITIVE,joy
2810,POSITIVE,sadness
2811,NEGATIVE,sadness
2812,POSITIVE,joy
2813,POSITIVE,anger
2814,NEGATIVE,sadness
2815,POSITIVE,sadness
2816,POSITIVE,sadness
2817,POSITIVE,sadness
2818,POSITIVE,sadness
2819,POSITIVE,joy
2820,NEGATIVE,anger
2821,POSITIVE,anger
2822,POSITIVE,joy
2823,POSITIVE,joy
2824,POSITIVE,sadness
2825,POSITIVE,joy
2826,NEGATIVE,sadness
2827,NEGATIVE,sadness
2828,NEGATIVE,anger
2829,NEGATIVE,anger
2830,POSITIVE,joy
2831,POSITIVE,joy
2833,NEGATIVE,sadness
2835,POSITIVE,anger
2836,NEGATIVE,sadness
2838,NEGATIVE,sadness
2839,POSITIVE,joy
2840,NEGATIVE,anger
2841,POSITIVE,anger
2842,POSITIVE,joy
2843,NEGATIVE,anger
2844,POSITIVE,sadness
2845,NEGATIVE,sadness
2846,POSITIVE,sadness
2847,POSITIVE,joy
2848,POSITIVE,sadness
2849,POSITIVE,joy
2850,NEGATIVE,sadness
2851,NEGATIVE,anger
2852,POSITIVE,joy
2853,POSITIVE,sadness
2854,POSITIVE,joy
2855,POSITIVE,sadness
2856,POSITIVE,joy
2857,POSITIVE,joy
2858,NEGATIVE,sadness
2864,NEGATIVE,sadness
2865,POSITIVE,joy
2866,NEGATIVE,sadness
2867,POSITIVE,joy
2868,POSITIVE,joy
2879,POSITIVE,joy
2880,POSITIVE,joy
2883,POSITIVE,joy
2884,NEGATIVE,sadness
2885,POSITIVE,joy
2886,POSITIVE,joy
2888,POSITIVE,joy
2889,POSITIVE,joy
2891,POSITIVE,joy
2893,POSITIVE,joy
2896,POSITIVE,sadness
2898,POSITIVE,anger
2899,POSITIVE,joy
2900,NEGATIVE,sadness
2901,POSITIVE,joy
2902,POSITIVE,joy
2903,POSITIVE,joy
2904,POSITIVE,sadness
2905,POSITIVE,anger
2906,NEGATIVE,anger
2907,POSITIVE,joy
2908,POSITIVE,joy
2910,POSITIVE,joy
2911,POSITIVE,joy
2913,POSITIVE,joy
2914,POSITIVE,joy
2915,NEGATIVE,anger
2916,POSITIVE,sadness
2917,POSITIVE,sadness
2918,POSITIVE,joy
2919,NEGATIVE,anger
2920,POSITIVE,joy
2921,NEGATIVE,anger
2922,POSITIVE,anger
2923,NEGATIVE,anger
2924,NEGATIVE,anger
2925,NEGATIVE,anger
2927,POSITIVE,joy
2929,POSITIVE,joy
2931,NEGATIVE,anger
2933,NEGATIVE,anger
2934,NEGATIVE,anger
2935,POSITIVE,joy
2936,NEGATIVE,sadness
2937,POSITIVE,joy
2938,POSITIVE,joy
2939,NEGATIVE,anger
2941,NEGATIVE,sadness
2942,POSITIVE,joy
2943,POSITIVE,joy
2945,NEGATIVE,anger
2946,NEGATIVE,sadness
2947,POSITIVE,sadness
2948,NEGATIVE,anger
2949,POSITIVE,fear
2950,NEGATIVE,joy
2952,POSITIVE,joy
2954,NEGATIVE,anger
2955,POSITIVE,anger
2956,POSITIVE,joy
2957,NEGATIVE,anger
2958,NEGATIVE,sadness
2959,NEGATIVE,anger
2960,NEGATIVE,sadness
2961,NEGATIVE,sadness
2963,NEGATIVE,sadness
2965,POSITIVE,joy
2966,NEGATIVE,anger
2967,NEGATIVE,anger
2968,NEGATIVE,anger
2969,NEGATIVE,joy
2970,POSITIVE,sadness
2971,POSITIVE,joy
2972,NEGATIVE,joy
2973,POSITIVE,joy
2974,NEGATIVE,joy
2975,POSITIVE,sadness
2976,NEGATIVE,joy
2977,NEGATIVE,joy
2978,NEGATIVE,joy
2979,POSITIVE,joy
2980,POSITIVE,joy
2981,POSITIVE,sadness
2983,POSITIVE,fear
2984,POSITIVE,joy
2985,NEGATIVE,anger
2986,POSITIVE,joy
2988,POSITIVE,joy
2989,NEGATIVE,joy
2992,NEGATIVE,anger
2993,POSITIVE,fear
2995,POSITIVE,joy
2996,NEGATIVE,sadness
2997,POSITIVE,sadness
2998,POSITIVE,fear
2999,POSITIVE,joy
3000,POSITIVE,joy
3001,NEGATIVE,sadness
3002,POSITIVE,joy
3003,POSITIVE,joy
3004,POSITIVE,joy
3006,NEGATIVE,sadness
3007,NEGATIVE,anger
3008,NEGATIVE,sadness
3009,NEGATIVE,fear
3010,POSITIVE,joy
3012,NEGATIVE,sadness
3014,NEGATIVE,sadness
3016,POSITIVE,joy
3017,NEGATIVE,sadness
3018,NEGATIVE,sadness
3020,POSITIVE,joy
3021,POSITIVE,sadness
3023,POSITIVE,fear
3024,POSITIVE,fear
3026,POSITIVE,joy
3027,POSITIVE,sadness
3028,POSITIVE,joy
3029,POSITIVE,joy
3030,POSITIVE,fear
3032,POSITIVE,joy
3035,POSITIVE,fear
3036,NEGATIVE,joy
3037,NEGATIVE,sadness
3038,POSITIVE,joy
3039,NEGATIVE,anger
3040,POSITIVE,sadness
3041,POSITIVE,joy
3042,POSITIVE,joy
3044,POSITIVE,joy
3045,POSITIVE,joy
3048,POSITIVE,joy
3049,POSITIVE,sadness
3050,POSITIVE,joy
3051,POSITIVE,sadness
3052,POSITIVE,joy
3056,NEGATIVE,sadness
3057,POSITIVE,joy
3058,POSITIVE,joy
3059,POSITIVE,joy
3061,POSITIVE,joy
3062,POSITIVE,joy
3064,POSITIVE,joy
3065,POSITIVE,joy
3066,POSITIVE,joy
3068,POSITIVE,joy
3069,POSITIVE,sadness
3070,POSITIVE,joy
3074,NEGATIVE,joy
3075,POSITIVE,joy
3077,POSITIVE,sadness
3079,POSITIVE,joy
3080,NEGATIVE,anger
3081,POSITIVE,anger
3082,NEGATIVE,sadness
3087,POSITIVE,sadness
3088,NEGATIVE,joy
3090,NEGATIVE,sadness
3091,NEGATIVE,joy
3092,POSITIVE,sadness
3100,POSITIVE,fear
3101,NEGATIVE,anger
3102,POSITIVE,sadness
3103,POSITIVE,joy
3104,POSITIVE,sadness
3105,NEGATIVE,sadness
3106,POSITIVE,joy
3107,POSITIVE,fear
3108,POSITIVE,joy
3109,POSITIVE,joy
3110,POSITIVE,joy
3111,POSITIVE,joy
3112,POSITIVE,joy
3113,POSITIVE,joy
3114,POSITIVE,joy
3116,POSITIVE,joy
3117,POSITIVE,joy
3118,POSITIVE,joy
3120,POSITIVE,joy
3122,POSITIVE,sadness
3123,NEGATIVE,anger
3124,POSITIVE,joy
3125,POSITIVE,joy
3126,NEGATIVE,joy
3127,POSITIVE,joy
3128,NEGATIVE,anger
3129,NEGATIVE,sadness
3130,NEGATIVE,anger
3131,NEGATIVE,anger
3132,NEGATIVE,anger
3133,POSITIVE,anger
3134,NEGATIVE,sadness
3135,POSITIVE,joy
3136,POSITIVE,joy
3138,NEGATIVE,anger
3139,POSITIVE,joy
3140,POSITIVE,sadness
3141,POSITIVE,joy
3142,POSITIVE,joy
3143,POSITIVE,sadness
3144,POSITIVE,sadness
3146,POSITIVE,sadness
3147,POSITIVE,joy
3148,POSITIVE,joy
3149,POSITIVE,joy
3150,NEGATIVE,anger
3153,NEGATIVE,sadness
3154,POSITIVE,joy
3156,POSITIVE,joy
3160,POSITIVE,sadness
3161,NEGATIVE,sadness
3162,POSITIVE,sadness
3163,POSITIVE,joy
3164,POSITIVE,joy
3166,POSITIVE,sadness
3167,POSITIVE,joy
3168,NEGATIVE,joy
3170,POSITIVE,joy
3171,POSITIVE,joy
3173,POSITIVE,sadness
3175,NEGATIVE,fear
3176,NEGATIVE,anger
3177,POSITIVE,joy
3180,POSITIVE,fear
3181,POSITIVE,joy
3182,NEGATIVE,joy
3183,POSITIVE,joy
3185,POSITIVE,joy
3186,POSITIVE,joy
3188,POSITIVE,joy
3189,POSITIVE,joy
3190,POSITIVE,joy
3192,POSITIVE,sadness
3193,NEGATIVE,sadness
3194,POSITIVE,sadness
3197,POSITIVE,anger
3198,POSITIVE,joy
3199,NEGATIVE,sadness
3200,POSITIVE,joy
3202,NEGATIVE,sadness
3205,POSITIVE,joy
3206,POSITIVE,joy
3207,POSITIVE,fear
3211,NEGATIVE,anger
3212,NEGATIVE,joy
3216,POSITIVE,joy
3217,POSITIVE,fear
3219,POSITIVE,sadness
3222,POSITIVE,joy
3225,NEGATIVE,sadness
3226,POSITIVE,joy
3227,POSITIVE,joy
3228,NEGATIVE,anger
3230,NEGATIVE,anger
3231,POSITIVE,joy
3232,POSITIVE,sadness
3233,POSITIVE,joy
3235,NEGATIVE,anger
3236,POSITIVE,anger
3237,POSITIVE,anger
3238,NEGATIVE,sadness
3239,POSITIVE,joy
3240,NEGATIVE,anger
3241,NEGATIVE,sadness
3243,POSITIVE,joy
3245,POSITIVE,joy
3246,POSITIVE,fear
3247,NEGATIVE,sadness
3248,POSITIVE,sadness
3249,NEGATIVE,sadness
3251,POSITIVE,joy
3253,POSITIVE,joy
3254,POSITIVE,joy
3256,NEGATIVE,sadness
3257,POSITIVE,sadness
3258,NEGATIVE,sadness
3259,POSITIVE,joy
3260,POSITIVE,joy
3261,POSITIVE,joy
3262,NEGATIVE,sadness
3264,POSITIVE,sadness
3267,POSITIVE,joy
3268,POSITIVE,sadness
3269,POSITIVE,joy
3270,POSITIVE,joy
3271,POSITIVE,sadness
3272,POSITIVE,joy
3274,POSITIVE,joy
3275,POSITIVE,fear
3278,NEGATIVE,sadness
3279,NEGATIVE,sadness
3280,POSITIVE,sadness
3282,POSITIVE,joy
3284,POSITIVE,joy
3285,NEGATIVE,sadness
3286,NEGATIVE,sadness
3287,NEGATIVE,sadness
3288,POSITIVE,sadness
3289,POSITIVE,joy
3290,POSITIVE,joy
3291,POSITIVE,joy
3293,NEGATIVE,sadness
3294,NEGATIVE,anger
3296,POSITIVE,joy
3297,NEGATIVE,anger
3298,POSITIVE,joy
3299,POSITIVE,joy
3302,POSITIVE,sadness
3303,POSITIVE,sadness
3304,NEGATIVE,sadness
3305,POSITIVE,sadness
3306,POSITIVE,joy
3308,NEGATIVE,anger
3310,NEGATIVE,sadness
3311,POSITIVE,joy
3312,POSITIVE,joy
3313,POSITIVE,joy
3314,POSITIVE,sadness
3315,POSITIVE,joy
3316,POSITIVE,joy
3317,POSITIVE,joy
3318,POSITIVE,fear
3319,POSITIVE,sadness
3320,NEGATIVE,sadness
3322,POSITIVE,joy
3323,NEGATIVE,sadness
3324,POSITIVE,joy
3328,POSITIVE,joy
3330,POSITIVE,joy
3331,POSITIVE,sadness
3332,NEGATIVE,sadness
3333,POSITIVE,joy
3334,NEGATIVE,anger
3335,POSITIVE,sadness
3337,NEGATIVE,joy
3338,POSITIVE,joy
3340,POSITIVE,joy
3341,POSITIVE,joy
3342,POSITIVE,joy
3343,NEGATIVE,sadness
3345,POSITIVE,joy
3346,POSITIVE,fear
3348,POSITIVE,sadness
3349,POSITIVE,sadness
3350,POSITIVE,joy
3351,POSITIVE,joy
3352,POSITIVE,joy
3353,POSITIVE,joy
3354,POSITIVE,fear
3355,POSITIVE,joy
3356,POSITIVE,fear
3357,NEGATIVE,sadness
3358,POSITIVE,anger
3359,NEGATIVE,sadness
3360,POSITIVE,sadness
3362,POSITIVE,anger
3364,POSITIVE,joy
3365,POSITIVE,joy
3366,POSITIVE,sadness
3367,POSITIVE,anger
3368,POSITIVE,joy
3369,POSITIVE,fear
3370,POSITIVE,joy
3371,NEGATIVE,joy
3372,POSITIVE,anger
3373,NEGATIVE,sadness
3374,POSITIVE,sadness
3376,NEGATIVE,anger
3377,POSITIVE,joy
3378,POSITIVE,joy
3379,POSITIVE,sadness
3380,POSITIVE,sadness
3381,POSITIVE,sadness
3382,POSITIVE,joy
3383,POSITIVE,joy
3384,POSITIVE,joy
3385,POSITIVE,joy
3387,POSITIVE,joy
3388,POSITIVE,sadness
3389,POSITIVE,joy
3390,POSITIVE,joy
3391,POSITIVE,sadness
3392,NEGATIVE,joy
3393,POSITIVE,joy
3394,POSITIVE,anger
3395,POSITIVE,fear
3396,POSITIVE,fear
3397,NEGATIVE,sadness
3398,POSITIVE,joy
3399,POSITIVE,joy
3400,POSITIVE,fear
3403,POSITIVE,joy
3404,POSITIVE,fear
3406,NEGATIVE,sadness
3407,NEGATIVE,sadness
3410,NEGATIVE,anger
3413,NEGATIVE,anger
3414,NEGATIVE,anger
3415,POSITIVE,anger
3416,NEGATIVE,joy
3417,POSITIVE,joy
3421,POSITIVE,joy
3422,POSITIVE,joy
3423,POSITIVE,joy
3425,POSITIVE,joy
3426,POSITIVE,sadness
3429,NEGATIVE,sadness
3430,NEGATIVE,anger
3431,POSITIVE,anger
3432,NEGATIVE,sadness
3433,POSITIVE,joy
3434,POSITIVE,joy
3435,POSITIVE,anger
3436,NEGATIVE,joy
3439,NEGATIVE,anger
3440,NEGATIVE,joy
3441,POSITIVE,sadness
3442,POSITIVE,joy
3443,NEGATIVE,joy
3444,POSITIVE,sadness
3445,NEGATIVE,anger
3447,POSITIVE,sadness
3450,POSITIVE,sadness
3451,NEGATIVE,sadness
3452,POSITIVE,joy
3454,POSITIVE,joy
3455,POSITIVE,joy
3457,NEGATIVE,anger
3458,POSITIVE,joy
3459,NEGATIVE,sadness
3460,POSITIVE,joy
3461,POSITIVE,joy
3462,POSITIVE,sadness
3464,POSITIVE,joy
3465,POSITIVE,joy
3466,POSITIVE,joy
3468,POSITIVE,joy
3469,NEGATIVE,sadness
