frase,sentimento,emozione
"fatti il conto quando l’ho visto. la seconda se lo vedevi solo, ti tiravi la lingua natale. mi fece così impressione. “proprio tu me lo hai detto”. io ci sobbalzai qundo quello me lo disse. “ proprio tu me lo hai detto ”. va bene gli dissi proprio tu. embè?   disse “ ma hai capito che sparano. ” biagio ma che cazzo stai dicendo? . disse. “ ma hai capito che quelli volevano uccidere a mio figlio ? ”. biagio. figurati. “ volevano uccidere a mio figlio”. si vaglielo a mettere in testa che non è vero. vai. “ non è questa la malavita. non è questa. no è quella che pensi tu”. biagio io non ho capito quello che penso io? io non penso proprio niente. io non penso la malavita che pensi tu. pero non posso.   in testa a me, però non posso condividere per esempio che voi ammazzate un bambino. io non lo penso.",NEGATIVE,anger
"mannaggi la madonna, ma fa paura veramente. quello che tiene in testa quello.",POSITIVE,fear
ne tengo due.,POSITIVE,sadness
io non l’ho visto ancora. già se lo guardo ho paura.,NEGATIVE,fear
natale. tutti i capelli bianchi tieni. tutti. tutti i capelli bianchi. li porta così. poi all’improvviso ti guarda. no. cosa c’è? “no no. niente”. va bene. cioè ti guarda. ma non ti sta guardando a te. cioè sta pensando ad un altro. natale io gliel’ho detto. ma quando fece quella reazione. no. quello secondo me davanti agli occhi vide i graziano. dissi. mannaggia la madonna ma cosa ha avuto questo. natale ho provato vergogna. cioè ho provato quel senso di vergogna quando lui parlò. quando lui disse  “ se non eri tu ti sparavo proprio”. natale guarda che era.,NEGATIVE,anger
"io lo conosco disse “ se non eri tu ti sparavo ”. biagio ma che caspita stai dicendo. lui disse “ ma tu non lo hai capito quelli cosa hanno fatto?”. biagio proprio perchè lo hanno capito. disse “ tu non ti dovevi nemmeno permetterti di dirmelo non me lo dovevi dire ”. poi il figlio salvatore si allontanò. quell’altro si allontanò. perchè capirono che quello stava andava fuori. io, allora lo feci sfogare prima, poi gli dissi. biagio stammi a sentire. io ho sbagliato, è vero non te lo dovevo dire. adesso me ne vado. “dove vai? ” disse lui. gli dissi biagio io non posso stare più. ma tu hai capito che sono peppe, biagio? io sono peppe sorrentino che ti è sempre stato dietro. o lo hai trattato bene. o lo hai trattato male. peppe sorrentino è sempre stato dietro a te, senza domandare e chiedere mai niente. disse lui “ madonna mia ”. proprio così fece. non sapeva cosa voleva dire “ no perchè io poi in verità mannaggia ”. natale io glielo dissi in malo modo. me ne scesi da quindici. (si fermano qualcuno di loro scende dall’auto).",NEGATIVE,anger
là fece lo sbaglio grosso. perchè noi stavamo là che aspettavamo.,NEGATIVE,anger
"non hai capito antonio voleva dimostrare. voleva fare dire che lui è  se ne è andato quello sa tutto. perchè sicuramente quella bocchinara adesso gli avrà detto così. “quello poi ci stava la signora” . ma tu cosa te ne fotte della signora il signore. se sei andato per questa intenzione, no. (di ammazzare a graziano felice) con questo scopo, no. tu non vedi niente davanti agli occhi.. eccolo il truffatore lo vedi. (vedono a qualcuno da lontano - poi si fermano e peppe scende dall’auto. poco dopo rientra in auto e parlando con la persona dice  -).   però fammelo sapere. però. angioletto se vuole sapere il fatto dei soldi cosa gli devo dire? i soldi cosa gli devo dire. gli 11. 500 euro che mi devi dare ancora, cosa gli devo dire? no quello adesso lo dice a biagio stasera. no. no. perchè mi ha detto biagio, “tutti i guai che ha fatto prisco”.",NEGATIVE,anger
(si avvicina all’auto e dice -). ma i guai che ha fatto il cugino. sapere niente. mi deve dare 40 milioni.,NEGATIVE,anger
"il supermercato, non ho avuto nemmeno una lira. se me li volete dare me li date altrimenti.",NEGATIVE,anger
per me è oro.,POSITIVE,joy
meno male che a me angioletto mi da.,POSITIVE,sadness
io te l’ho detto pure queste cose non. non le facciamo uscire fuori se le facciamo uscire fuori. sicuramente non le.,NEGATIVE,anger
se le volevo fare uscire fuori. perciò dammi carte angioletto. è l’occasione buona ci facciamo. due tre anni.,POSITIVE,sadness
"non le tengo adesso. fammi fare un paio di carte buone e te le prendi. come ho fatta questa. una quindicina di giorni e te li do. le usiamo e te le do, però devo prendere le carte buone della gente onesta. gliele ho date si sono.  non ti preoccupare tra una quindicina di giorni te li do gli 11. 000 euro. 50. 000 euro.",POSITIVE,fear
"quello. alduccio si ha mangiato i miliardi. ma cosa ci hanno fatto con questi soldi. ma dove stanno. se io avessi 100 milioni di lire nelle mani, durante io il mese successevi ne tengo già 110. e dopo tre mesi ne tengo già 130. anzi 133 perchè io mi vendo i soldi che già mi sono venduti due volti. questi vanno al nigth. alla discoteca 50 milioni. e non pagano a nessuno. poi con noi. “queste brutte figure qua non si devono fare”.",NEGATIVE,anger
noi non li possiamo fare.,NEGATIVE,anger
"eheè. allora quando ti trovi nei guai, quello corre alduccio poi. quello aspettava come il pane che usciva lui. io mi sono messo nell’angolo là. non voglio fare niente. basta fermatevi. se possiamo fare quel poco di roba (droga) lo facciamo e basta. io non voglio sapere proprio niente, perchè non date la possibilità nemmeno di mettere la. hai capito cosa voleva, nemmeno la possibilità che un domani uno si possa trovare mille lire. dove sta. io l’ho trovato sopra la giocata. “qua sto io ed i soldi me li prendo io. da oggi in poi me li piglio io” (cava antonio). tu poi la prima cosa che hai fatto, quando lo arrestarono sei venuto “sopra la giocata”.",NEGATIVE,anger
io sono andato. angioletto mi ha chiamato e mi ha detto che aveva avuto una discussione con te. (litigato).,NEGATIVE,sadness
no. io lo voglio sapere da te era una cosa giusta?,POSITIVE,joy
"secondo poi se ci. 100 mila lire , io poi non me la potevo prendere io. me la mangiavo io in mezzo alla via. invece quella invece di dire “durante, prendeteli voi, se ci sta la giocata. questa 100 mila lire”",NEGATIVE,anger
"hai capito, questo è il motivo. poi non ci sta nessun altro motivo più.",NEGATIVE,anger
"peppe ma secondo te, la giocata nostra. che come minimo io acchiappavo la cento mila lire. il milione di lire. per dire, e scusa purtroppo quello così disse e così. hanno fatto. due volte pigliai 600 euro laggiù e glieli portai. lei non disse nemmeno questo è 100 euro. dopo venne e disse “durante iom poi non lo sapevo pure ndò ndò. mi ha richiamato io mi sono presa tutti i 600 euro non ti ho dato nemmeno un 100 euro”. hai capito?",NEGATIVE,anger
"palmina. io gli dissi, va bene se ci sarà qualche altra occasione.",POSITIVE,joy
"qua. i soldi di quindici, voi non ve li siete mangiati . (ironico). va bene. i soldi di palma.",POSITIVE,anger
"forse non mi hai capito. va bene, stiamo a posto. i soldi di palma te li vuoi mangiare pure tu? va bene. adesso andiamo a fare una rapina gli portiamo pure qualcosa di soldi. va bene? . va bene. (cade la linea).",POSITIVE,anger
io capii che allora venne. l’altro giorno. prendemmo la macchinetta e la mettemmo sotto. no. non c’è non pigliava quello. io non c’è,NEGATIVE,sadness
e lui nemmeno questo. non lo vedono. si addormentò e non lo sapeva. lui si è addormentato.,NEGATIVE,sadness
eh rimasta qua. l’hanno pigliato. io sono andata sopra e sono scesa. e non questo è il sono andata sopra. dice questo,NEGATIVE,sadness
il guaio e che giù.,NEGATIVE,sadness
io ce l’avrei fatta l’imbasciata.,POSITIVE,sadness
questo non è.,NEGATIVE,sadness
mo il problema che mo. gli arresti domiciliari non li prende più. hai capito. moglie li danno.,NEGATIVE,anger
insomma ma veramente pazzo. chi se lo aspetta. facevano un arresto.,NEGATIVE,anger
si!!,POSITIVE,anger
ha detto così. “ che non tiene nessun buono. il buono. non tiene nessun buono. ”. ha detto. - ” il buono non ci sta. ci sta. un errore. ”.,NEGATIVE,anger
si dice la come ha fatto i soldi. mica ha speso 56 milioni. ho detto. va bene. allora chiama a compare raffaele. a chi? vai a parlarci tu io mi levo. da mezzo. perché siete zio e nipote io non posso uscire in mezzo. io una sola volta non ha avuto niente.,NEGATIVE,anger
ha fatto una stronzata.,NEGATIVE,anger
palmina. se è la carta gliel’ha mandata. effettivamente io lo posso giurare. la carta gliel’ha mandata e la buon’anima di fiore (graziano fiore). ha fatto quello. donnarumma le carte dei soldi che aveva speso. hai visto come sono arrivati. i soldi. il contributo. perché e prima quella là. la fascia rossa non c’entra niente.,POSITIVE,anger
la fascia rossa. non c’entra proprio niente.,NEGATIVE,anger
non sono fatti tuoi. non sono tuoi. la domanda sta in faccia a tuo suocero. mio suocera. l’unica cosa e che li può pigliare luinon sono fatti suoi.,NEGATIVE,anger
niente. non dico niente a loro. ma già lo so. io ieri me lo sentivo. che quello veniva (si riferisce al marito). andai fuori andai la non lo trovai. era già uscito. un altro poco. lo trovavo prima di me qua.,NEGATIVE,sadness
però per venire 6/7 volte qua. (casa). qualcosa torno. torno. qua. ci deve stare. una cosa ci deve stare perché è impossibile. in una casa. dicono che le microspie scaricano la corrente. ma chi lo sa se è vero o no. che è. la microspia. altrimenti qualcosa è dic (dice/avverte)qualcosa che si sente che precisamente. ogni volta sanno quando arriva.,NEGATIVE,sadness
ci sono i microfoni direzionali. ci sono per esempio. i microfoni direzionali non c’è niente da fare. i microfoni direzionali. non può fare niente nessuno e niente. (si accavallano le voci)sopra santa tirola. li può mettere su casa mia,NEGATIVE,anger
si è il microfono direzionale. quello è. loro vanno a colpo sicuro.,POSITIVE,joy
e non si fa capace. e non se ne voleva andare. questa casa me l’hanno perquisita. l’altro giorno l’armadio. ma tutto spostato. dopo che hanno spostato tutto. di tutto.,NEGATIVE,anger
madonna metto.,POSITIVE,joy
si ma adesso. non era proprio il momento adesso. dopo la discussione del compare (cava raffaele). sul comune. qua non si doveva fermare proprio. eheè.,NEGATIVE,sadness
terra bruciata. polizia e carabinieri. per qua. tutta la giornata fuori la via.,NEGATIVE,anger
se avesse trovato ad antonio. probabilmente si sarebbe fermato là. e non veniva qua.,NEGATIVE,sadness
a me quello ancora deve arrivare.,POSITIVE,joy
sono andata là. non l’ho trovato. ho detto questo. roba 10 - 15 minuti,NEGATIVE,sadness
ci sono tanti posti dove si può fermare da nessuna parte niente.,POSITIVE,sadness
che cretinatastai zitta !,NEGATIVE,anger
stai zitta.,NEGATIVE,anger
uhàil momento buono.,POSITIVE,joy
quelli ci sono pure quelle che tu cammini con la macchinaè quelle te le sparano dietro (si riferisce alle microspie)è tutto il tragitto che fai sentono tuttose ti seguono ti sentono da lontano. sentono tutto quello che dici tudopo. la sentitutti quanti,POSITIVE,anger
a meho fermato la macchina in albergo. aspettarono il tempo che uscii. e andai a mangiare e tutto. però io aprii il cofano. io poi cosa facciometto sempre le giacche in un modo. cosìma questa giacca si è potuta mai muovere in autostradaperò visto che avevo aggiustato un cosoperò questo fatto non è buonoè mi fermai cosìpoi mentre io parlavo da quell’altra parte della frontiera con un’altra personaadesso questi qua. si pensano io cosa sia andato ha fare dall’altra parte della frontierapoi vidi qualcosa. “ non mi va. ”però pensai e sono stato accorto”. dico la verità. ma quando poi tornaidissi. ma questo è una cosa che non riesco a capire. dissi. mo me la devo lavare. se nonperché. o ti metti a parlare di una cosa o di un’altraquando non ti vuole scappare niente. ma un impianto la dentro disse - “  quello antonio. ”ma com’era fatto ti metti le mani nei capelli. dice. “ se lo sono venuti a smontare con il permesso del giudice”quelli saltano (scavalcano). aprono la macchina e te la mettono.,NEGATIVE,sadness
sbattono. buttanoentrano dentro. manco a bussare. che vuoi bussarescassano direttamente. leggemagari qua bussano.,NEGATIVE,anger
ma io lo sai che sto pensando. ho saputo il fatto del giardino mio. che li videro dietro casa miaallora come dici tusparava nel muro (ridono e si accavallano le voci). perché nuccio. disse là. nuccio. io allora dissi - “ ma cosa credi. vedi che il polacco. il coso. quello fino alla sera siamo stati zitti”“ ma cos’è il polacco?”e mi chiamai il polacco. quello del barone. disse che la mattina alle cinqueappena fatto giorno. il polacco se ne va subito. a fare i servizi nel giardino. ed ha visto. “. tu cosa fai?”. gli dissero. fermarono il polacco. disse il polacco i lavoro qua. e dissero. nonoi stiamo vedendo. perché ci hanno chiamato i proprietari di casa. che hanno visto un ladro che scappava da una parte all’altra. il polacco si pensava che era così. poi il polacco chiese - “ signore. ma sono venuti i ladri?”. dissi. ma quale rubare. ” ci stava la polizia. ”. ma allora dietro il muro hanno potuto sparare (installare una microspia). pure vicino al muro. come stanno le cose. quelli sentono a 30 metri. 20 metritrapanoche quelli hanno sparato (installato microspia). là per vedere se parli. non è quello. però sempre pericoloso. è!!,NEGATIVE,fear
questo mi è successo due. tre mesi fa. (si accavallano le voci). è successo. perché teniamo un difetto tutti quanti. che per esempio. da me perché è successo questo. perché. due. tre. quattro mesi. centinaia di persone. è normale. che si viene a sapere. non vogliono fare,NEGATIVE,sadness
qualche volta di queste. sea mandare qua dentro. ”questo”. (cava biagio)si allontana. non passa più. manco se lo uccidono. perché lo sa che la casa mia è sotto. non ci passa. hai capito? proprio deve essere un’emergenzaproprio se bussa solamente. ma quello non ci passa.,NEGATIVE,anger
perché tiene un’altra cosa. quello tiene tutto. si può fermare dove vuole luihai capito molui è più “ sfaccimmo” (scaltro),POSITIVE,sadness
antonioha vergogna.,NEGATIVE,anger
lo dice. però non ci va,NEGATIVE,anger
nessunoscusa. ma cosa ci vuole e ti fermi da me e ti accompagno. qual è il problema di fare tutto questo bordello.,NEGATIVE,anger
e quello. pure mia figlia maria. lo diceva. anima della madonna. magari. pure per lo sfizio di fermarti. una volta. ma come cazzo è così.,NEGATIVE,anger
se si ferma in una casa e riesce a prendere confidenza.,POSITIVE,joy
niente. non ci va. se riesce ad ambientarsi. in una famigliaahaè. si deve sentire a suo agio.,NEGATIVE,sadness
invece“quello la”. (cava biagio). se si vede in difficoltà. dove cazzo è. è. si butta dentro. si butta dentro senza pensarci.,NEGATIVE,anger
tiene la faccia delle puttane. fiorenza. quando ti devi buttare. quello. questo. ne ha fatto unaforza. quello ha una forza. non la fai la faccia tosta. tiene la faccia tosta come le puttane. questo avvocato lo hai chiamato??(palma deve effettuare una telefonata all’avvocato)ma io dico sempre. che quando vuoi stare bello tranquillo. te ne devi andar per le terre.,POSITIVE,anger
ma se tu l’hai accompagnato la sera. e alle due di notte. stava qua. scusa. che io dissi - “ non dite stronzate. che quello se n’è andato. non poteva venire. (si accavallano le voci).,NEGATIVE,sadness
esce adriano e compagnia bella,POSITIVE,joy
il problema e che tu ti metti pauradi “adriano”. “ quello “ (cava biagio). non si mette paura. ma il problema è come ti muovi dopo. ti faccio vedere cosa vedi. per qua. “ quello”  mica è perché ha paura di lui,NEGATIVE,fear
se non si muovono loro. e stiamo punto e daccapo. abbiamo altri. morti,NEGATIVE,sadness
questo si!!,POSITIVE,joy
la tengono la “ carabina”. la tengono ancora.,POSITIVE,anger
te lo dico io!!la tengono ancora!!,POSITIVE,anger
tengono ancora gli amici. questo è come dico io!! la terra bruciata. ne dovevano morire ancora una ventina. per tenere la terra bruciata intornoallora si!!,NEGATIVE,anger
la terra bruciata.,NEGATIVE,anger
paura.,NEGATIVE,sadness
eheè. lo diciamo noi. io non lo penso. che cazzo ne voglio fare. io!!,NEGATIVE,anger
non è che quello viene faccia a faccia. quando si sono messi una cosa in testa. ci capita uno per sotto che non c’entra niente (si riferisce agli appartenenti del clan graziano),NEGATIVE,anger
ehè. allora “quello“. (cava biagio)perché è. e mo ti fai fare come il fesso. tu.   ”quello”(cava biagio). hai capito o no? invece adesso. mo. lo vai trovando prima. una cosa era che. invece adesso. trovando.,NEGATIVE,anger
ma tu non lo puoi. uscire più.,NEGATIVE,sadness
non ti puoi più mettere in macchina e te ne vai.,POSITIVE,sadness
no ho mandato già a vedere a nola. (si riferisce al legale). no il numero ci sta sulla segreteria. ma non piglia. (la donna spiega al proprio figlio raffaele la strada per andare a casa di antonio,NEGATIVE,anger
ti devo dire una cosa. ho dovuto parlareperché quello non ci stava.,NEGATIVE,sadness
davvero.,POSITIVE,sadness
no. no. su questo. quello è preciso!!,POSITIVE,joy
non sia mai la madonna,POSITIVE,anger
no!!,NEGATIVE,anger
la sta tutto a postoehè.,POSITIVE,sadness
ho sbagliato a capire. io. allora,NEGATIVE,anger
mannaggia la miseria.,NEGATIVE,anger
no. no. non lo sapeva. hai capito?non lo sapeva!!,NEGATIVE,anger
il significato che questo mi è,POSITIVE,joy
ma come me lo dicesti tu. a me. così mi è sembrato il significatoio pensavo che avevi detto,POSITIVE,joy
ehè. va bene.,POSITIVE,sadness
va bene.,POSITIVE,fear
no. no. no. subito glielo dico. sbagliato non ho capito raffaele. io invece ho capito!!,NEGATIVE,anger
questo mi è sembrato.,POSITIVE,sadness
sopra al balconela finestra qua. per dietro qua. per dietro al muro. alzano la persiana ed entrano dentrose entra un’altra volta così lo butto dal balcone,NEGATIVE,sadness
mannaggia la miseria.,NEGATIVE,anger
zia ma questi comunque,POSITIVE,joy
mannaggia la miseria,NEGATIVE,anger
mannaggia la miseria.,NEGATIVE,anger
ehè. zia. mo non ti. ma poi “ questi” (si riferisce alle ff.oo). mannaggia la miseria. non. chi è. “ quelli”. sono convinti che sta qua. no?,NEGATIVE,anger
mannaggia la miseria. ” questi ” (si riferisce alle ff.oo). sono convintiproprio che sta qua. si buttanotroviamo.,NEGATIVE,anger
sopraqualcosa. “ che cosa è. che non è!!” non si sa nemmeno,NEGATIVE,anger
ehè. ma niente. niente. un mese. due mesi. se era qualcosa” no. si. è venuto uno mi ha detto. ha fatto(). non so dirti.,NEGATIVE,sadness
e si avrebbe liberato. ” è meglio con pistola. ” si è inguaiato.,NEGATIVE,anger
e va bene.,POSITIVE,sadness
_. - non sta bene. no il problema. stava. perché non si trovi' va l fascicolo. l -,NEGATIVE,sadness
non si trovava la pratica. scomparsa. hanno messo le carte sotto sopra. le hanno trovate in un altro fascicolo. dopo due ora.,NEGATIVE,sadness
"e non è che michele viene a dire - "" compà (cava raffaele) ma tu poi se vuoi aggiustare la casa. i soldi mo. la fascia rossa. io volevano raggirare. quello è andato preciso capendo la situazione. si è sentito prendere. terremoto. è. è. quello quando parte non.",NEGATIVE,anger
però nemmeno io. a me lo ha detto. che noi sopra iq non ci andare. (non ci dovete andare).,NEGATIVE,anger
pure io lo sapevo. però non.,NEGATIVE,sadness
"stanno la i soldi. "" però ci sta un problema. perché qua i soldi il comune non li può toccare. perché li va trovando `chio' - chio' (graziano felice). questo è il problema zio luigi. lo vuoi sapere?? questo è il problema!!",NEGATIVE,anger
"ehè. c'entra. come non c'entra. "" fattelo spiegare da chi sta in mezzo"" (appartiene a delle famiglie camorristiche nella fattispecie clan cava). "" chio' - chio' (avrebbe detto) tu i soldi li dai a me. se non a me. non si danno a nessuno. "". ha capito il problema dove sta!!i soldi che non. da tanto tempo. ma tempo. tempo. tempo che sono fermi questi soldi. ma il problema e di darli a papà (suocero cava raffaele). a tutti quanti. mica solo per papà. vuole i soldi che deve aggiustare il palazzo (si riferisce all'abitazione di cava raffaele che indicano con il nome di palazzo)",NEGATIVE,anger
ahà. ho capito. ma io non avevo capito.,NEGATIVE,sadness
ma. poi vi dico il problema com'è. avete capito?? il problema e questo. zio luigi che non danno questi soldi. i soldi stanno la fermi. da tempo. da tempo.,NEGATIVE,anger
è una cosa insostenibile. quando tu pretendi vicino a me.,NEGATIVE,anger
"quello la.  era renato. (ferrentino renato). eheèè. ""liberato"" (santaniello liberato - sindaco presso il comune di quindici). non sapeva manco la situazione com'era. perché non c'è stato in mezzo. non sapeva nemmeno. in_c. la pratica non si trovava. lui. ed ecco qua. questo è stato.",NEGATIVE,sadness
questo è.,POSITIVE,sadness
"no quello. ci ha. lo hanno fattq - innervosire. ha esagerato. - "" ti sparo. non ti sparo. "". tu spari - ed io chiamo i carabinieri. ahaà. vuoi chiamare i carabinieri. e chiamali i carabinieri. l - li hanno chiamati i carabinieri??",NEGATIVE,anger
ma sono andati dopo?? (si inforna circa l'intervento dei carabinieri) l - vi dico una bugia.,NEGATIVE,anger
chiara.,POSITIVE,sadness
no. no. non chiara. li ho fatto i soldi. allora se.,NEGATIVE,anger
buon appetito.,POSITIVE,joy
"e non c’è male, come si fa all’italia, qua fa caldo che non si può stare, qua in america,",POSITIVE,sadness
buono !,POSITIVE,joy
buonasera sono michele palmese,POSITIVE,joy
"si, si, buonasera don michele ,",POSITIVE,joy
"buonasera, io ho avuto tre giorni il telefono rotto adesso me l’hanno dato, vedi, non ho saputo  niente più, ne di voi, ne di là ,",POSITIVE,sadness
"no! io provai a chiamare là, no,",NEGATIVE,sadness
"perché io ho provato a chiamare voi, e non prendeva,",NEGATIVE,sadness
"va bene, michelì grazie,",POSITIVE,joy
don michele grazie,POSITIVE,joy
ma è impossibile.,NEGATIVE,sadness
non li ha pagati questi qua.,NEGATIVE,anger
eheeeeè. non tiene i soldi probabilmente.,NEGATIVE,anger
"eheè, non tiene i soldi.",NEGATIVE,anger
"adesso mi informo se sta a napoli in albergo, avete fatto bene a chiamarmi.",POSITIVE,anger
"si, signatura significa irregolare. mannaggia.",NEGATIVE,anger
"la firma è irregolare, cioè la firma che ha messo questo cacchio sotto qua.",NEGATIVE,anger
"ho capito . va bene, vengo lunedì mattina.",POSITIVE,sadness
"va bene, arrivederci signor palmese.",POSITIVE,joy
"grazie, arrivederci.",POSITIVE,joy
direttore buongiorno.,POSITIVE,joy
"eheè. comunque, io ho telefonato in america, no. e devo telefonare oggi pomeriggio verso le sei / sette perchè adesso stanno dormendo.",NEGATIVE,fear
va bene.,POSITIVE,fear
va bene.,POSITIVE,fear
va bene.,POSITIVE,fear
"ciao, buona giornata.",POSITIVE,joy
si. ma domani mattina. io stamattina sono venutoho parlato con il      direttore via telefono. che non c'era.,NEGATIVE,sadness
non mi ha dettto niente.,POSITIVE,sadness
va bene. domani io non ci sto.,POSITIVE,sadness
commendatore buongiorno,POSITIVE,joy
tutto a posto?,POSITIVE,sadness
biagio). ma che cazzo quello quando chiede una cosadobbiamo.,NEGATIVE,anger
va bene dai!,POSITIVE,joy
alla faccia del cazzo. (ridono). si può transitare con la macchina?,NEGATIVE,anger
ci sono sempre i soliti là. poi ti vedono là e pensano che tu stai con loro. hai visto cosa dicono le personeallora io evito proprio. hai visto quando me ne sono andato a milano. la gente subito ha pensato. hai visto cosa andavano dicendo dopo la gente .,POSITIVE,anger
"allora io evito di fare casino. io me ne andai a milano la gente andava dicendo che io mi ero andato a prendere la camorra con andrea (daniele andrea) con fiore(mazzocca fiore alberto)che io sono due tre anni che io non esco con loro, vedi la gente cosa va a pensare. (fa riferimento all’intimidazione fatta agli operai della ditta schiavo all’interno del ristorante denominato aiello)perciò quando li vedo al bar. non perché ci stanno loro. per evitare che stiamo quasi insieme per là dentro.",NEGATIVE,anger
adesso è impossibile per te,NEGATIVE,sadness
"capisci non puoi entrare niente. fino ad ora mi ha chiamato stasera dopo dodici giorni. lui mi ha chiamato stasera per dodici minuti dopo hanno chiuso il telefono. ha detto se chiama. lui le capisce queste parole. le cose si sono un poco complicate non è il momento adesso aspetta lui quando ti dirà che il tempo è buono, perché se viene va perdendo tempo non può venire",POSITIVE,sadness
ma sta bene?,POSITIVE,sadness
"ma ancora non può chiamare ancora. e proprio difficile, fino ad ora nemmeno a me ha chiamatoha chiamato a casa di mia mamma, perché il numero nostro a casa  non è buono. capisci? non può chiamare a me a casa.",NEGATIVE,sadness
"lui tiene 300 minuti di conversazione al mese. ma ogni volta che lui fa una telefonata gliela fanno durare 12 minuti, poi gli chiudono la conversazione.",NEGATIVE,anger
tutto a posto?,POSITIVE,sadness
si tutto a posto. a te?,POSITIVE,sadness
tutto a posto.,POSITIVE,sadness
allora stai bene.,POSITIVE,sadness
si sto fresco. (ridono),POSITIVE,joy
si ho detto mi dispiace.,NEGATIVE,sadness
"ti ha detto così, a posto.",POSITIVE,sadness
"si va bene, ci sentiamo.",POSITIVE,sadness
a te tutto a posto (si risentiranno e si salutano).,POSITIVE,sadness
va bene diglielo quando torna che ho chiamatofammi fare un colpo di telefono. ma io non lo soio non mi sono mossol’aspettavoquesto quanon è venutonon è venuto nemmeno il cazzo qua(si arrabbia),NEGATIVE,anger
quanto è vero la madonna del carmine!!!,POSITIVE,joy
no!! io vi ho chiamato molte volte.,NEGATIVE,sadness
"il telefono, a me se lo rubarono e per un mese io no l’ho tenuto.",NEGATIVE,anger
"me lo hanno dato un’altra volta ed è lo stesso numero però io vi ho chiamato anche da vittorio; vi ho chiamato anche con il telefonino di un uomo, la giornata dei funerali, alla presenza di vittorio che mi diede il numero, e non rispondevi mai.",NEGATIVE,sadness
"eh. lo sò, ma io non potevo parlare, e non potevo venire.",NEGATIVE,sadness
madonna come si è fatto!!! ieri sera è stato con me come si è fatto!!,POSITIVE,joy
"eh non lo sò, quello stà camminando con la veste addosso, quella là per i proiettili(giubbotto antiproiettile) e ieri sera mi ha fatto mettere paura.",POSITIVE,fear
"ah. quello si è fatto metà, si. quardate si deve fare qualcosa per questo giovane,io ieri l’ho messo in croce per farlo venire quà, perchè, questi gli hanno aperto questo ristorante, e veramente hanno fatto una cosa grandiosa.",POSITIVE,joy
"e lui non ci stava quando abbiamo fatto l’apertura, e questo. e quell’altro. e allora io ieri, lo chiamai e gli dissi mi devi fare il piacere, mi devi dare questa soddisfazione di venire a fare una mangiata con me, in onore di tuo padre",POSITIVE,joy
"quello non ci voleva venire. e non ci voleva venire!!! poi dopo si convinse, e chiamò mindì e il bambino giò, e vennero tutti e tre. quando lo vidi mi fece “squartare il cuore”,si è fatto la metà.",POSITIVE,sadness
"eh quello è un bravo ragazzo, mannaggia.",POSITIVE,joy
madonna che bravo ragazzo!! quello.,POSITIVE,joy
ma pure io stò piangendo sempre.,NEGATIVE,sadness
"madonna quanto pianto abbiamo fatto, tutti quanti, quelli in chiesa non ci entrava un chicco di grano (pieno),poi quando stavamo in chiesa, lui fece da mangiare in. (indecifrabile), e da lì vi chiamammo, io vi chiamai la sera com’era successo vi chiamai.",POSITIVE,sadness
e non mi avete. quanto è vero il dio.,POSITIVE,joy
"va bene, ma quello quando è chiuso il negozio,che cazzo telefonate a fare!!là.",NEGATIVE,anger
"eh. eh. è questo il telefonino, oi. funziona sempre a me, ho parlato con lui un sacco di volte.",POSITIVE,joy
eh non ho capito perchè risultava occupato.,NEGATIVE,anger
"mo diteglielo che quello scemo che doveva venire da me, quà non è venuto che deve venire lui.",NEGATIVE,anger
ebbene io lo tengo quà.,POSITIVE,sadness
"eh, comunque io vi volevo dare anche gli auguri per natale, ho detto ma che cazzo è successo.",NEGATIVE,anger
"eh stato un brutto natale, don michele.",NEGATIVE,sadness
"eh lo so. lo so. per tutti quanti, comunque.",POSITIVE,joy
"eh stato un brutto natale, a morire perchè quà stiamo piangendo ancora perchè lui a natale, quello che faceva lui, non lo faceva, nessuno.",NEGATIVE,sadness
"scaricava macchine di pesce, comprava pesce fresco, e quà nessuno ha mangiato il capitone quest’anno, perchè lui lo portava a tutti quanti.",POSITIVE,anger
eh stato uno strazio.,NEGATIVE,sadness
"io non mi sono mosso da allora, non sono uscito di casa per aspettare che mi chiamavano, facevano, non è venuto nessuno. ditegli, che viene lui, a tutti i costi, io non possso.",NEGATIVE,anger
un abbraccio signora!!,POSITIVE,joy
ma pure a voi pensate a stare bene.,POSITIVE,sadness
eh sono stato un po malato,NEGATIVE,sadness
non bene è?,NEGATIVE,sadness
quello vuole che mi porta a me,POSITIVE,joy
ma voi non dovete ridere quelle sono cose serie voi ridete,POSITIVE,anger
"questo sta male questo ragazzo, bisogna dargli una mano, io non mi posso muovere, se no già sarei venuto li",NEGATIVE,sadness
"io sto sempre sempre, mo è venuto a casa ieri ed oggi, la prima volta anche",POSITIVE,joy
eh buono,POSITIVE,fear
"eh pure io, mi ha fatto male più a me",NEGATIVE,sadness
"io so perduto, io mi sono proprio perso",NEGATIVE,sadness
io sono bravo.,POSITIVE,joy
va buono,POSITIVE,fear
"comunque date un abbraccio alla signora anche da parte di mia moglie, purtroppo noi non siamo potuti venire. indec.",NEGATIVE,sadness
"questo è come il ragazzo mio, voi lo sapete",POSITIVE,joy
"stategli vicino, io sto a disposizione, purtroppo non posso venire, se potevo venire già stavo li",NEGATIVE,sadness
se mi sento bene.,POSITIVE,sadness
"eh venite pure voi, non vi preoccupate qua ci sto io, se avete bisogno di un medico qua sono tutti amici, si mettono a disposizione, non è come quando vi abbandonarono nell’ospedale a catanzaro",POSITIVE,sadness
(sorride) va bene,POSITIVE,sadness
non c’è male. tu?,POSITIVE,sadness
"va bene, va bene",POSITIVE,sadness
va bene ok,POSITIVE,fear
va bene. come state tutto bene?,POSITIVE,sadness
"eh tutto a posto, tu?",POSITIVE,sadness
"bene, bene",POSITIVE,fear
tanti auguri,POSITIVE,joy
"pure a voi, buone cose",POSITIVE,joy
eh oggi sono stato a mettere. sul telefono tutto a posto,POSITIVE,sadness
"eh grazie, un abbraccio jerry, ciao",POSITIVE,joy
va bene ciao,POSITIVE,joy
tutto a posto?,POSITIVE,sadness
tutto a postohai fatto buon anno?,POSITIVE,sadness
hava bene.,POSITIVE,sadness
va bene.,POSITIVE,fear
ehvieniche è meglio,POSITIVE,anger
tutto a posto,POSITIVE,sadness
va beneparliamo da vicino. va bene.,POSITIVE,sadness
fa buone coseciao. ciao,POSITIVE,joy
pure mò.,POSITIVE,sadness
io sono sempre libero.,POSITIVE,joy
sono sempre libero.,POSITIVE,joy
no io sto con mio fratello. ma io non gli voglio far sapere niente .,NEGATIVE,anger
hecome vuoi francesco0è francesco(rimane un po’ sorpreso),POSITIVE,joy
liguori francesco non riesce ad esprimersi bene in lingua italiana),NEGATIVE,sadness
buonasera signoradite,POSITIVE,joy
helui gli fa piacere se voi passatevuole passare una mezza giornata con voi. una giornataquello che volete voi,POSITIVE,joy
he. si. si. io stavo aspettando!,POSITIVE,joy
io sono sempre libero signora. per lui sono sempre libero,POSITIVE,joy
va bene,POSITIVE,fear
va bene va bene signora.,POSITIVE,joy
buonasera,POSITIVE,fear
"toninoci sentiamo domaniok. dai. passi una buona serata., ti serve",POSITIVE,joy
"va bene, adesso. lo tengo qua, non lo riesco a prenderlo.",NEGATIVE,sadness
va bene dai,POSITIVE,fear
va bene,POSITIVE,fear
va bene dai,POSITIVE,fear
eh. buongiorno signora anna?,POSITIVE,joy
"no. no,avete sbagliato;",NEGATIVE,anger
"che dovevamo venire. no, no,no,. che dovevamo venire. siamo",NEGATIVE,sadness
va bene;,POSITIVE,fear
va bene,POSITIVE,fear
va bene;,POSITIVE,fear
va bene;,POSITIVE,fear
va bene;,POSITIVE,fear
arrivederci;,POSITIVE,sadness
"si lo devono andare a prendere, lo fanno uscire un poco. no. lui e quell’altro là. lui e l’amico suo. io non lo posso rintracciare io mi trovo fuori.",NEGATIVE,sadness
aspetta che non si sente bene.,NEGATIVE,sadness
si adesso ti sento.,POSITIVE,joy
"ha detto. “ mi vieni a pigliare?”. non lo so gli ho detto adesso ti chiamo tra cinque minuti. fai una cosa io non lo posso rintracciare, perché non lo tengo il suo numero di telefono. il figlio non mi risponde. (giugliano mario). hai capito? lo chiami tu.",NEGATIVE,anger
non ti sento bene. qua.,NEGATIVE,joy
si va bene.,POSITIVE,sadness
va bene.,POSITIVE,fear
va bene.,POSITIVE,fear
va bene.,POSITIVE,fear
ahaà. marco scusami . sono la signora palmese.,NEGATIVE,sadness
tutto a posto. sono arrivato stasera signora.,POSITIVE,sadness
e va bene. io non ti ho chiamato. marco. ti ha chiamato mio marito.,POSITIVE,sadness
va bene.,POSITIVE,fear
ahaà. ecco. va bene.,POSITIVE,joy
"va bene. buona sera, signora.",POSITIVE,joy
tanti auguri gennaro!,POSITIVE,joy
tutto a posto! allora?,POSITIVE,anger
no. non si sa niente. non si dice niente proprio. che io sappia. ultimamente niente. si dice che avevano preso a quello. e poi non si è saputo niente. si dice che “vanno cercando” ad uno. l’hai sentito questo fatto che “andavano cercando” ad uno?,NEGATIVE,anger
eh. ma. ma dicono che non è niente vero.,NEGATIVE,anger
dicono che non è niente vero.,NEGATIVE,anger
dicono che non è niente vero!,NEGATIVE,anger
cade la linea,NEGATIVE,joy
io non ti sentivo proprio. niente. tutto a posto. si “accese” il coso affianco a me. sei sette giorni fa. ti ricordi quella fabbrica che sta affianco a dove abito io? quella fabbrica abbandonata?,NEGATIVE,sadness
eh. tutto a posto bruno. dobbiamo vedere cosa dobbiamo fare.,POSITIVE,sadness
"nooo. vorrei portare la roba qua. pelati. questa roba qua. adesso vediamo un poco.  adesso mi sono ritirato. mi hanno mandato sopra un paese sperduto, oggi. sopra sant’antonio sono andato a prendere un ordine nuovo. mannaggia la miseria. é troppo lontano. è scomodo. sono venti. venticinque minuti. è scomodo. in mezzo alle montagne. là.",NEGATIVE,sadness
noo. non l’ho visto proprio. quello dice che adesso stette in florida. non l’ho visto proprio. è stato in florida. adesso sta qua però. me lo disse. mi pare. il cognato di mio cugino. no non l’ho visto. a tua sorella l’hai sentita?,NEGATIVE,sadness
no. eh. e niente.,NEGATIVE,anger
"adesso ci mettono anche gli sbirri, qua! quando accesero le sirene della polizia, mi “cagai sotto”. marco. perchè io non sapevo che era il palazzo a fianco. hai capito? mica si vedeva? da dentro casa mia. hai capito? ti svegliava la polizia. quelli accdedevano le sirene perchè. forse.  sulle porte e nessuno li sentiva. alle tre del mattino. allora quando io mi affacciai fuori la finestra. vidi solo una macchina della polizia. la volante. ed una macchina in borghese. di fronte casa mia. proprio di fronte. ed il tipo che veniva vicino la porta. disse - “che devoi fare?” ed io - “e che ne so io!”. dissi - “apri!”. (ridono entrambi). che ne sai. quella è la paranoia. senza fare niente qua. diceva - “non aprire”. dicevo - “come non apro. quelli leggono, là vicino”. le tarantelle. “spegni le luci” dissi “non ci sta nessuno”. mannaggia la miseria. quante risate. poi dissi di andare ad aprire e me ne andai in camera da letto. e dissi che se fosse stato qualcosa. non ci stavo.",NEGATIVE,anger
